Tweet,Class
مبروك و سامحونا لعجزنا التام. عقبال اللي جوه. اللي بره يا عاجز يا بيزايد على العاجز,0
كلنا بره ومش هنبطل نزايد على العجايز الي جابونا ورى,-1
بدل ما انت قاعد بره كده تعالي ازرع الصحرا,0
قذر اتفووو ماتيجى مصر وتورينا نفسك كدا ياجبان,-1
وهكذا رجال الشو اللي محرومين من عمل برنامج الغريبة انهم بيقولوا المطبليتة وهم كلهم مطبلتية ايضا,-1
أنت أزاي لبؤة كدة ؟ ,-2
دول عبيد باسم !! انت ما تعرفش غير ستات كده يعني اتربيت في وسطهم ففاكر الكل كده ده غير ان ضعيف الشخصية والحجة بيشتم,-1
علشان مش عارف يرد يقوم يشتم وبعدين اللي قريته في حسابك لازم تتعالج الحق نفسك ,-1
انت قمر,0
كلنا بره ومش هنبطل نزايد على العجايز الي جابونا ورى,0
أو اكتشف إن النضال مش سهل وفيه تهديدات وابتزاز,0
الحرية حق و ليست منحة يمنحها من لا يملك لمن يستحق.,0
اهم حاجة صحفي الجزيرة يتصوروا عا الاسفلت قبل الوصول لنيويورك بتكتب يا احمد؟,0
ماشي بس يخرجو وبعدين يحلها ربنا في الظلم,0
يعني يسيبهم في السجن ؟! انت مش عاجبك العجب ! 😀,0
كما قال الدكتور مرسي بالضبط الحرية مسؤلية و الشرمطة مرمطة,-2
عيد مبارك باسم .. اشتقنا الى رؤياك لازلنا نتذكر طلتك ع مسرح امتلأ بالسخريه الضحكات تلاشت الا انها تركت اثرا على وجوهنا,0
فعلا حرية سرقة المقالات حرية الفاظك القبيحه مثلا حرية حرق المجمع العلمي حرية التمويل الاجنبي اللي علمك حريه مابيطبقهاش,-1
انتي بتقولي ايه يا مروه ده كلام زي الرصاص في جتت زي النحاس وبعدين مبيقولش حرف ليه ع البوب حبيبه,0
الطف حاجة ان حضرتك والى زيك ناسين ان السيسي سافر والناس دى محبوسة بس ياحرام نظرية الموامرة خرمت دماغكم,0
"الحمد لله انها خرمت دماغنا، وانت عاملة ايه من تحت؟ :)",0
روح شوفلك حد يربيك. حثالة بشر,-1
كأهلاوي طبعا نفسي الأهلي يكسب. بس مش عاجباني الثقة الزائدة بعد اخر ماتش. مافيش حاجة مضمونة يا جدعان,0
كم سار لك ما جبت الدوري؟ خلاص لا تبكي!  نعطيكم فهد المولد وتعطونا السومه,0
 يتكلم عن الاهلي المصري يالطيب,0
لا ما حبيتها منك يا فصول.. تحسب سخريتي لهذه الدرجة ضعيفة هههههه,0
يا زينب فكك من النادي ده بقى,0
على الحلوة و المرة,0
ده فال وحش اخر فريق قالها قعد عشر سنين يخسر,0
سنظل أوفياء 😂,0
"متوقعك زملكاوي  يلا خير الله يسامحك""",0
انا كنت بقول كده برضه وكنت حاسس ان ف حاجه هتحصل بسبب زياده الثقه الاوفر دى,0
الأهلي مغلوب لأااااااااااه 😢😢😢😢😢😢😢😢😢😢😢 يا شماتة ابله ظاظا فيا 😂😂😂😂 شوفت بقى الثقة الزيادة بتجيب ورا,0
"""مش عارف مين قال ان موضوع end of text ده كان المقصود بيه ""مات الكلام"" تحياتي للبرنس اللي قالها""",0
"جهل حضراتكوا بالاعلام العالمي سبب التريقة، الاعلامي القدير رون برجندي عملها قبل كدة عادي :-)",0
"""هو يعني كان الواجب قبل ما يقولها   يقول "" نجيب من أبو أخر  من أبو ناهيه  end of the text ""  عشان ما يكسفناش""",0
"""صح هو فعلا مات الكلام..وبالمرة نقول اغنية اليسا "" محدش ينفع أسامحه علي اللي قتله فيا""""",0
 ياباسيييييييم المواد الخام بالهبل لميت برنامج,0
ده الواد سامح مشاكل بتاع الخارجية هوا اللي قالها,0
هي المقصود بيها ده اللي عندنا,0
البرنس اللي قالها جزمته برقبه امك عارف امك ياله والا اجبلك عمك مرتضي منصور يفكرك بالمفضوحه يوووو قصدي المرحومه يابن العالمه,-2
كويس انه ما خدهاش من مقال يهودي,0
ده تركيز يا دكتور,0
وفيه ناس قالت العكس..ممكن نقول بعد كده اند اوف تكست بدل ما نقول مات الكلام!,0
الدقيقة ١٠:٥٠ :السياحة نفسها من ضمن مؤامرة.حد عمره سأل نفسه اشمعنى السياح يبقوا اجانب؟,0
"""انت فعلا قذر عشان تشمت في بلدك بالطريقة دي .. ملعون ابوك يا شيخ """,-2
شماتة ايه بس هو لما نشاور ع غباء المسؤلين يبقى شماتة,-1
لا دي شمتاتة .. و عايز جنازة يشبع فيها لطم ميعرفش يخي قمية الحقد و الغل اللي عنده ابدا .. انسان قذر,-2
"""هو في حاجه اساسا تستاهل يبقي عليها حقد :-D  انا اعرف ان الحقد بيبقي علي حاجه كويسه :-D :-D""",0
ايوة حقد و شماتة لان لما بيبقي فيه مناسبة حلوة في البلد بيتخرس زي سيده البرادعي,-1
"""نت ايه كم الفاظ الكراهيه اللي انت فيها ده  انت عايزه ايه""",0
وحشتنا اوي ياباسم 😍,0
كابتشن كابتشن الحياة منغيرك قميءة و مزرية 😭😭😭,0
الله يرحمه ابوك مخلف خول رسمي,-2
وكمان عراقي فاشل روح ياشاطر العب بعيد يلا يابابا شوفاك واحد امريكاني يظبطك,-1
اعتذر عن عدم الرد على التويتات. مشغول لشوشتي في فعاليات المجلس الأعلى للعالم. تحبوه كام ريختر؟,0
عايزة 6 ريختر و يكون معه تسونامي صغير و الامطار علي شكل كرانيش و يا ريت بينك,0
راح عليك انت شوية شغل ...لوز اللوز ...اسكريبت البرنامج كان هيتكتب لوحده وتمد ايدك وانت مغمض وتسحب منه ومايخلصش,0
نصف سوا علشان الدايت يا باسيييييييييييييييييييييييييم,0
هو إيه بالضبط؟,0
"""بجد يا باسم كلنا مفتقدينك ربنا يرجعك بالسلامه""",0
خمسسةة يا باسم خمسة مواااه,0
حابة أشارككم الفعاليات وقررت أمشي بحنية. ,0
دة زى المجلس الاعلى للرياضة عندنا بس اعلى شويتين :-D,0
عايز تفهمني إن المجلس الأعلى للعالم سابوا موورتضى منصور واختاروك إنت؟!! صعبة دي يا باااااسيم,0
عندك براكين؟,0
كل الاحترام و التقدير لاخواتنا في لبنان. فيديوعن التعليقات السيئة على الاحداث.لخص ما كنت افكر فيه #عالشارع ,0
استاذ في تصيد الخطأ ونبش العفن واختيار اسوء اماكن بالعنصرية لكي تجد نفسك واقفا امام شعب مريض ولكن لا تنشر اي شيء ايجابي,-1
انت معلم السخرية الأول لم نتعلم منك شيء الا الاستهزاء والاستخفاف والاستظراف المتقن من خلال سكريبت انت محتاج علاج ابدا بنفسك,-1
اروع فنان واعلامي عربي التزم بقضايا شعبه,0
عن جد عيب,0
كلك ذوق باسم يوسف .. و متل ما كلن في صبايا هيك كان في صبايا محجبة حجاب شرعي كامل .. لبنان في هيك و في هيك لأن في تعدد طوائف,0
التحرش في مصر ممنهج الي حد كبير خصوصا من السلطات الامنيه سواً كان في الأحداث السياسية او كسياسة علي المدي البعيد ا,-1
"""على كده انت مراتك ممكن تنزلها بالبيبي دول التحرير في الثوره الجايه عاوز رد عاجل علشان نستعد ونعمل الدعايه انت فاهم طبعا""",-1
ابه علاقة مراته ولا اهل بيته باحترام الشعب واللبناني وعتداته وتقاليده .. يا اخي احنا مش أحسن من حد,0
 أي خراب للدول أنت راشق فيه انت و أمثالك,-1
خراب عشان فضح اختراع الكفتة بتاع الجيش قصدك :)),0
"""احب اقول لامناء الشرطة المطالبين بمطالب فئـوية :""ايه؟ حتاكلوا مصر؟ حتاكلوا مصر يعني؟""""",0
 لو انت ابن راجل  انزل مصر,-1
مش عيب لما تنسبي نفسك لحد تاني غير ابوكي بطلوا تمجدوا الاشخاص,-1
هو مال اهلك هو اسمك ولا اسمي,-1
اسمك كنزى السيسى ههههههههههه اكيد بقه عندك صنم للسيسى و بتسجدى له #شعب_مطبلاتى_بطبعة,-1
 انت واشكالك اللي بتعبدو المرشد لكن احنا بنعبد ربنا بس ونحب اللي يحب بلدنا مش بنشتم بلدنا زيكو,-1
رد محفوظ و مبرمج مفهوش   باى فكر او فهم بتكلم مع عيل صغير حافظ كلمتين و بيردد,-1
اسمها هتاكلوا ياقفص مش حتاكلوا:)وبعدين انت مالك احنا مصريين مع بعض ركز انت عند اسيادك ونام علي بطنك كويس علشان يدولك جوائز,-1
"""و يبقى يلحس لجون استيوارد جزمته اكتر يمكن ياخد جايزه تانيه  صحيح اراجوز زى اللى اتعلمت منه""",-1
اراجوز و فضح السيسى و اختراعه الكفتة ههههههههههههههههههههههههههههههههههه,-1
انت غلبان ف دماغك,-1
٢. القضاء كبيرة    الشكر لكل من انصفني وحسبي الله ونعم الوكيل في كل من أساء الی,0
ربنا معاك يا نضيف !!! بلد وسخة,-1
الوسخة تبقي امك يا عرص يا ابن العرص لما تشتم بلدك علشان خول زي باسم اتفوووووووو,-2
"""وانا أقصد الدولة الفاشلة الي مابتديش حد حقوقة العادية :) مش بلدي الوطن وأنت كجاهل هعديلك الشتايم !!""",-1
اتلهي,-1
"""ده ردك يعني كدة انت أقنعتني ب اتلهي دي  ولا حافظلك شتيمتين !!""",-1
كله تمام الا حكاية ثقته فالقضاء كبيرة دي  😥😥 :))),-1
ربنا معاك للأسف الناس نسيت مين اللي فضح الاخوان والفاسدين وظهر حقيقة كتير منهم,0
ربنا معاه ينصفه و يرفع عنه الظلم,0
حسبي الله في الطبالين بتوع الاعلام,-1
و الله عندى سؤال مهم جدا و مصيرى لحضرتك ممكن ؟ مش بتحس احيانا انك سبب رئيسى فيما تعرض له #الاخوان و مناصريهم ؟ اشكرك,0
"""صايعين the Egyptian onion البرادعي ووائل غنيم ونادر بكار على رأس الحضور في حفل تخرج باسم يوسف من المحفل الماسوني """,0
 ده أنا لسه مخلص محفل التايم سكوير. نفسي اروح المحفل الماسوني بتاع هارفرد.سمعت ان أكله جامد!,0
سبحان الله!! امرك عجيب قوى يا حازم !!!!؟؟؟؟ تويتاتك عن باسم يوسف لسه موجوده ع فكره .. انت بتتلون كدا ازاى؟!!,0
على ما اعتقد ماسونى دى حاجه كويسه و بما ان نادر بكار حضر تبقة كمان حلال و حضور البرادعى يدل انها ضد العنف يبقى اكيد صايعين,-1
مش معنى أنك تكون معارض لنظام الحكم في بلدك أنك تتصرف بشكل يبينك خائن ..يا ريت تنضف علاقاتك و أختار ناس فعلا تستحق باسم يوسف,0
علي راي جدتي - البيض الفاسد يتلم علي بعضه,0
هو انت مش واخد بالك آنهم مُستغلينك ولا عامل نفسك مش فاهم بجد لإني بحترمك بقولك كده,0
الضاكتور الماسوني باسم يوسف فشخ الواقع علي كل المواقع   ما  سو  ني  لقب مش سهل حد يخده ..!!  :),0
لدكتور باسم يوسف طبيب الحميات والربو والسكر بمستشفي ميت خاقان العام سابقا ومقدم البرامج الكوميدية حاليا. هههههههه لا تعليق,0
كده فاضلك واحد تركى وواحد قطرى علشان تكمل,0
يادكتور نادر بكار امتنع عن النشيد لأن الغنا حرام. وما يصحش تحملوه حق عرب بسبب معتقداته,0
لنتذكر: كانت الدعوة منذ ٢٠١٠ لمقاطعة الانتخابات البرلمانية والرئاسية والاستفتاءات وغيرها من صور الديمقراطية الشكلية وسيلة فعالة للتغيير.,0
وإيه دخل حضرتك يا أفندم بحاجة زي كده؟! ده شأن مصري داخلي!,0
ما كنتش عارف الصديق رامي انتقل للعمل في قسم الجوازات في مجمع التحرير علشان يمنح ويسحب وثائق الجنسية المصرية. عيب,0
يا ما فيه ناس من جنسيات اخرى اكثر مصرية وانتماء من بعض ممايحملون الجنسية المصرية,0
والحكم على انتماء الشخص مش محتاج لموظف فى الجوازات ده بيبقى حكم من خلال تصرفاته تجاه قضايا بلده,0
الكفروالايمان من حق ربنا كما جاء فى جميع الاديان اى حاجة تانية قابلة لحكم العقل اليشرى والشواهد المنطقية,0
كدة بقي كس امك بدون لحظة تردد واحدة,-2
تصدق كنت بفكر اسيبك من غير بلوك تضحكني شوية بس فاكس تلاقي دولجي دي فلتة منك و انتا اصلا متضحكش ✋,-1
متلون كاذب فقدت القدرة حتي علي الكذب,-1
كذب ايه ؟؟,0
لا اقصد حضرتك واقصد البرادعي…,0
بابا الفاتيكان يدعو الكاثوليك والكنائس الي إيواء اللاجئين الفارين من الموت .هل سنسمع دعوات مماثلة من رجال الدين فى العالم الإسلامى ؟,0
انت بقيت بتتويت كل يوم يعتبر,0
احلامنا بقيت تويتة يا اسراء ؟؟ يغرد براحتة بس يراجع .,0
كله راح كله اتكسر,0
"""بسببك :p :p. ما ينفعش يزرع حلم التغيير في الشباب وفي كل المعارك يسيبنا """,0
يا حلم وتغيير يااااا مش فاكرة سمعت الكلام ده فين قبل كده,0
لا تنسى انك شاركت في ذبح و حرق من لجئوا الى المساجد يوم ارتكبتم مذبحة رابعة ..!,0
هو انتا معانا من نفس الكوكب يعني؟ حضرتك متعرفش انه قدم استقالته قبل الفض؟,0
وبعد الحرس والمنصه #البرادعي  اكبر مقلب اخدته هل هو فعلا صدق ان #السيسي حيخلع رئيس علشان يعمل ديموقراطية #مصر,0
ماكفاه يتدحبش يمنيا وخليجيا ودلوأتي قلب مصريا وعربيا مشكله إلي واخذ في نفسه مقلب وهو مش داري,-1
حاسه ان اول شتيمه قبيحه هقولها في حياتي هتبقى حصري ليك يا  بردعه,-1
مازلنا ندمر انفسنا فى العالم العربي تحت وهم إمكانية سحق الاخر.العالم متخوف منا ويستغل فرقتنا وضعفنا.مفتاح الحل هو ضمان حرية الانسان وكرامته.,0
كلامك جميل   لكن كيف قبلت ان تشارك بانقلاب عسكري ارهابي مدعوم من كلاب الخليج ضد رئيس شرعي منتخب؟؟؟  اللهم أفرج عن محمد #مرسي,-1
رئيسك الشرعي نفسه في خطابة رجال من ذهب وكمان رئيسك وقف بالمرصاد ضد من يحاول النيل من طنطاوي وعنان,0
حاول استيعاب العسكر وارجاعهم للدولة والوطن فغدروه وطعنوه بالظهر وانقلبوا عليه ونظام حكمه الشرعي المنتخب كل من يقول غير ذلك منافق,0
هو أي معارض يبقي منافق هو اصلا ساعدهم كثيرا وبرر مذابحهم تقولي حاول ارجعاهم كفاية تبريرات واهية,0
الله يرحم قلادة النيل واول من شوة البرادعى بعم مبارك كلنوا كلاب ولجان الاخوان,-1
ايه رأيك تعتذر بوضوح على تمردك وجبهة الخراب وانك كنت نائب لرئيس طرطور  وان مرسى رئيس شرعى مخطوف وتكون ايقونة تجمع كل  الثوا,-1
حضرتك الاعتزار وحده مش كفايه لابد وإن كان صادقاً واشك فى ذالك أن يقوم بتدشين حمله برعايته فى أوربا لإسقاط الإنقلاب,0
ما أجملنا ونحن ننّظر عن الحرية والكرامة وما أسوأنا عندما نطبق اعذرني انت مثال على ذلك,0
طريقنا يبدأ من لا لقانون التظاهر.. #الامناء_اسقطوا_قانون_التظاهر #حريتهم_هى_حريتنا,0
إنْ سَألوكَ عَنْ العَدل في بلاد المُسلمينْ فَ قل لَهُمْ ان عُمَر قد ماتْ يَا بوب ,0
هل يمكن للعرب الاتفاق على خطة مشتركة لاستقبال  اللاجئيين السوريين -كما يفعل غيرنا- حتى تنتهى المذابح ام ان هذا خارج إطار الإخوة العربية؟,0
ولماذا استقبل الغرب السوريين الان ولم يُستقبل الفلسطنيين الان او فيما قبل؟ و هل هي خطة لتفريغ الارض.. ندعم الانسانية و لكن!,0
سؤالك مهم جدا ومحور مايدور باختصار,0
الميديا و الانسانية في صراع من اجل تفريغ الارض و تقليب ما تبقي من شعوب شبه مستقرة !,0
الاتفاق العربي مستحيل في ظل متآمرين على الشرعية أمثال محمد البرادعي الذي وقف مع انقلاب السيسي,-1
ادام شايفه متآمر ما تحل عن سماه وتروح تقرا ميكي ولا أي مصلحه من مستوى اطلاعك,-1
اوردوغان يقتل و يشرد الأكراد و لكن عندما وجدوا جثة الطفل السوري الكردي علي شواطئ تركيا هاج و ماج  وهاجم الكل !!!!!,0
العرب محتاجين يفهموا يعنى ايه انسانيه الاول,0
و الله عندك حق بس ممكن برضو تقولنا هتتلم امتي عن كواليس مذبحة رباعة لان ده حق الناس عليك كةنك وقتها كنت جزء من السلطة ؟,0
هتتكلم ** طبعا يعني انت شاطر يا محمد و مش محتاج اصححها بس برضو للتأكيد يعني,0
لا يابوب العرب مشغولين بحرب الأخوان أللي عوزين يسرقو منهم العروش بتعتهم اللي هم ورثنها من الاحتلال.ويدفعون عنها حتي بقتل شعوبهم ,0
مظاهرات حاشدة في أوروبا للتضامن مع اللاجئين من أهلنا الهاربين من القتل والقمع والفقر والوحشية . أين نحن العرب أصحاب المشكلة؟ عار,-1
تقتل القتيل وتمشي في جنازته يامنافق,-1
... محمد البرادعي رمز افتخر به ولكن الاغلب يجهلون مواقف هذا الرجل العظيم.,0
"ياليت تنورنا ببعض المواقف العظيمة ،لأني فعلا لا اذكر له الا مواقف الخزي منذ حرب العراق ومرورا باقذر احداث في تاريخ مصر",-1
ياعم الله يكرمك روح بجهلك علي فيسبوك بعيد عن تويتر,-1
طيب مابنقول لكم نورونا عشان مانكون جهلة.. افيدونا باعمال الرجل الرائعة عشان نقارن ونشوف,0
تقرير البرادعي اثبت ان العراق مفيهاش أسلحة دمار شامل و انها مبتسعاش تصنع .. يبقي ازاي دمرها ؟!,0
"حسب الحاجة ،،، ولم يصدر نفي واضح عنها الي انتهاء الحرب وتدمير كامل البنية الصناعية للعراق",0
قريره دقيق جدا بقوله لم اجد في العراق اسلحة دمار شامل  ولايستطيع ان يقول لايوجد اسلحة دمار شامل!,0
حرب العراق كانت قرار امريكيا وليس قرارا دوليا فتقرير البرادعي جعل غزو امريكي غير مشروع.,0
 الناس دى  بتسعبط وعاملين مش عارفين ان سبب سحب شريعه الحرب من الأمم المتحدة تقرير البرادعى,-1
"هل هناك من سيفهم يوما ان الإفراج عن الشباب المحبوس ظلما او بمقتضى ""قوانين"" جائرة هو خطوة حتمية لبدء حلحلة الاستقطاب البائس #حريتهم_هى_حريتنا",0
"يادكتور النظام دا بيصنع نهايتة بإيدة #حريتهم_هى_حريتنا، انزل مصر يابوب",0
 انا شايفه مفيش قايدة,0
"هو بصراحه لو فعلا مفيش فايدة ، ف مفيش فايدة فينا احنا",0
طب نعمل ايه اذا كنت اصلا لما بتفتح لوقك و تفكر تناقش الصنفين سواء السيساويه و لا الاخوانجيه كانك بتكلم صخر,0
الصنفين دول في صراع تاريخي لا ذنب فيه للشباب اللي عايز يشوف تغيير حقيقي. علشان كده الصنفين بيخافوا من البرادعي.,0
 التغير هيحصل هيحصل عاجلاً ام اجلاً,0
يا ريت بس التغيير الحقيقي ممكن يأخد شوية وقت. محتاجين صبر و نفس طويل.,0
بالله عليك تتوكس وماتعمل فيها بريئ وربنا كل العالم عارفة انك أحد الاضلع النجسة المشاركة في كل ده!  مش طالبة لطميات,-1
خروف,-1
"لن نصمت  لن ننسي  وربما  ربما نصالح!""",0
"هل سنستمر فى تدمير أنفسنا في اليمن وليبيا والعراق وغيرها لصالح الاٍرهاب، قبل ان نكتشف بعد سنوات(سوريا) ان حل سياسى للعيش معا هو الحل الوحيد؟",0
"""محدش فاهم ولا عاوز يفهم.. اغلب حكامنا معتمدين علي الظلم والبطش بالشعب، وخصوصاً اي صوت معارض..!! #حريتهم_هي_حريتنا""",0
كل حكامنا يعرفون من أين تأُكل حقوق حريات الشعب بجعل كلمت امن الوطن والجيش وقل ماتشاء علي من تشاء,0
"وهل الحل السياسي هيعيد اللي مات أو يرجع اللاجئين بلادهم دون تعرضهم لمضايقات، للأسف الوقت اتأخر لكل الدول المذكورة ..مستنين معجزة",0
مستنيين معجزة > مستنيين نونة #مقدرتش,0
"والنبي يابوب ماتنسي الورد اللي مرمي في سجون مصر، اعمل اي حاجة عشان يطلعوا، أمامة عليك :(",-1
هو مش كان معترض على الحل السياسى امبارح ؟ ولا انا فهمت غلط ؟؟؟,0
" راجعي كلامه،  أكيد ﻷ",0
"لا هو مش عايز حل سياسي في سوريا،، بس عايزه في الباقي .. او ده اللي انا فهمته",0
فهمتيه منين؟,0
التويت بتاعة سوريا اللي كانت من يومين تقريبا,0
لا يتضمن مؤشر شنغهاي لافضل ١٠٠ جامعة أية جامعة من العالم العربي بينما به جامعتين من اسرائيل: أولويات مختلة لا تدرك ان العلم ركيزة المستقبل,-1
في المحروسة خاصة والعالم العربي عموما لاتوجد أولويات سوي تمكين الحكم وتثبيت كرسي الحاكم بالغراء؛ أما التعليم فرفاهية لايريدونها.,0
ما المحروسه مطلعاكوا دكاترة قد الدنيا أهه .. مالها المحروسه وماله التمكين ياعم ؟,0
داخل المحروسة رفضوا تعييني مدرس بالجامعة رغم استحقاقي لعدم وجود واسطة وخارجها أصبحت دكتور ذو إحترام دولي :),0
اكترية زمايلنا واكترية الناس كلها بتتعين ف الجامعة من غير واسطة..تعممش مشكلتك لو حقيقية ع البلد,0
اذكري لي إسم واحد فقط تم تعيينه مدرس م في كلية الطب بأي جامعة دون واسطة أو إبن أو قريب أستاذ.!!,0
والله اعرف واحد من أسره بسيطه جدا وهو حاليا أستاذ دكتور ف جامعة القاهره واسم معروف جدا ومش حاقوله,0
"مش واحد يا أمل، ده معظم الناس ف الكليات بتتعين بلا واسطة، الواسطة هي اللي بتبقى حالات قليلة",0
عندك حق مستوى التعليم عندنا متدنى  خرج واحد زيك  لسه محتاج ابراهيم عيسى يمليه وبيدعم الارهاب ويهرب من المسئوليه تعليم فاشل زيك,-1
هو انت عايش ف الاحلام يا برادعة؟ اما ل انت متخرج منيين من اسرائيل غير اللى بتشربه واترحم مرة على شهداء الارهاب,-1
أي كلام في الهجايص هو البرادعي متخرج سنة كام قوليلي,-1
هناك شيء مدمر في الفهم المتطرف للإسلام .الادانة ومعالجة الظواهر في غياب العدالة والفكر العقلاني والكرامة الانسانية لم ولن تكون حلا مستداما,0
ماديانة البرادعي ؟؟؟؟ أنا عارف ان اسمه محمد,0
أحاديثه تقول أنه بلا ديانه,0
لاتنس عندما طالب منى الشاذلي بمعبد بوذي صغنن ومحندق لإخوانه البوذيين,0
"""معبد بوذى صغير يا منى ايه المانع يا منى :)""",0
حمزاوي اللي كتبلك التويتة دي مش ابراهيم عيسى.. صح؟! الكلام المكلكع دا تبع حمزاوي.. سايب أكاونتك كدا ل أي حد يلعبلك فيه؟! إخص,-1
"""باباك كان بيعذبك و بيلسعك بالشمعه وانت صغير غشان كدا كل كلامك عن كرامة وانسانية  في د نفسانين بيعالجو""",-1
كان بيسلع بالسمعه في قرعته,-1
هههههههههههههه يروح يتعالج بعقدة الاضطهاد اللي عنده دي ويرحمنا,-1
بس يامحمد,0
"""بس يسطا برادعى لما تعوز تكتب تويتة تعالى قولى اسلوب سيمبل وجميل وبيجيب ريتويت برضو والله""",0
تعجز الكلمات عن وصف مأساة المنطقة. تصدي أمني علي المدي القصير. معالجة عقلانية وقيمية تنتشلنا من القاع هي الحل الوحيد. رحم الله كل روح بريئة,0
"المعالجة القيمية العقلانية دي هي الحل أكيد، لكن حتتصرف مع جنون وإجرام الإرهاب ازاي بالظبط يا دكتور؟! نعمل ايه يعني؟!! ",0
"""البردعاوي ده لطيف خالص فعلا  عقلانية وقيمية ايه هو بيتكلم عن واحد متخانق مع مراته ؟؟""",0
اعتقد حضرتك تدعو لمؤتمر دولى للحوار للسلمي مع داعش والاخوان وبيت المقدس وبوكو حرام والقاعدة على مائدة المفاوضات !,0
"الدكتور محمد البردعي ، نحن خُدِعْنا فيك ونرى أنه من الحكمة الأن أن تعتزل العمل السياسي والعام",0
و لو مصر كانت ضاعت زى جيرانها يا ترى كان الاعتزال كافى هل يستوى المواطن العادى مثل ما يسمى بالنخبه,0
لو سمحت يا بوب elaborate. يعني لما اخوان الدواعش يخطفوني أعالجهم عقلانياً قبل ما يذبحوني ولا بعد الذبح؟,0
 بعد الدبح اوقع عشان الدماغ بتبقا مفصوله والكلام موزون,0
مش متأكدة أني قادرة علي مواكبة عقلانية البوب. لقد اصيبت عقلانيتي بوعكة,0
والله المستعان علي البوب,0
اى قاع تتحدث عنه يادكتور.. إن وجد فانت ومن دعموك شاركتم فى وجوده.. دع القرار لرجال لم ولن يهربوا من مسؤليتهم,-1
"""#اليوم_السابع | #على_جمعة : قناة #الجزيرة ""نجسة"" وبوق لـ #إسرائيل""",-1
كذبت يازنديق انت والسيسي الابواق لليهود لماذالاتتكلم عن مايفعله السيسي باهلنابغزه ياقذر,-2
صح كلامك ياشيخ,0
لماذا لا يتم عرض المشائخ ورجال الدين وبصفه دوريه على لجنه طبيه نفسيه للتأكد من قواه العقليه وعدم تعاطيه المواد المخدرة,-1
حقيقه مؤكده,0
هل يحق لرجل الدين ان يتناول أقراص الترامادول بصفه مستمره دون استشاره طبيه؟!!,-1
انت راجل عسل,0
حياك الله ياشيخ,0
على جمعه يامعرص لايوجد انجس منك واللوم على كلاب اليوم السابع التى تستضيف أشكال قدرة مثلك ومثلهم,-2
اعلام ـ قضاء ـ داخلية ـ جيش  انتم شعب وباقي فئات الشعب شعب اخر ليس له حق في هذه البلد,0
"""هههههههههه هذا الرجل ضلالي ومنافق وعبد درهم  ( تعس عبد الدرهم )""",-1
اقرأ ف عدد #اليوم_السابع الصادر غدا:#الإخوان يخططون لحصار السفارات المصرية ليلة #الانتخابات,0
يا عم انت شارب أيه؟,-1
عمليات انتحاريه يا بهائم,-1
 ابتدى الموال ونعيد ونبوظ واعادة وكلة الاخوان,0
اليوم السابع الامنجية وصناع الدعارة والمرتشين الشراميط. . الإخوان أشرف منكم يامعرصيين وليس لديهم قضية فساد أو إخلال بالشرف,-2
على اساس ان سفارات مصر فى شارع ابو الفدا بلاش الكلام الساذج هى اوربا فيها تظاهر بدون تصريح ولا انتم بتكلموا ناس هبل,-1
ابتدى الموال ونعيد ونبوظ واعادة وكلة الاخوان,0
ايييي عرفتو ازاي الاخوان اللي قاللكو,0
يا عم انت شارب أيه؟,-1
هو فيه عسكر بيعمل انتخابات ؟! يا راجل كبر مخك,0
هبل ولاد كلب,-2
"""#اليوم_السابع | بدء احتفالية أنصار #مبارك بـ #نصر_أكتوبر على أغانى ""اخترناه"" و""حلوة بلادى""""",0
منتهى التخلف.. يحتفلون بمن هدم مؤسسات الدولة على مدى 30 عام و حرب أكتوبر ملك لأبطال  و شهداء أبرار و ليس من أراد  يورث ابنه..,-1
هى طابا رجعت على ايد مين وبعدين ال30 سنه ما كانوش كلهم سود خلينا منصفين اينعم فيه سلبيات بس مش كلها سلبيات,0
أشرب سلبيات لحد انهرده و بكره و عبد بكره ..,0
ومن السلبيات شبكات المحمول والطرق والفلا حين اللى بقو من اهل المدن والميه اللى ماكنتيش تحلمى تشربيها,0
كلامك هابط ..,-1
انا اللى كلامى هابط طيب اسفين يا ام كلام سخن ملهلب والله العظيم انتى ولافاهمه حاجه بتغنى زى اللى بيغنو,-1
30سنة أمان وصاحب الضربة الجوية أوفياء جدا أبناء مبارك,0
 اغنية اخترناه بتعبر عن حب أبناء مبارك لزعمهم مبارك,0
يعشقوا الفاسد,-1
تحيه للبطل الرئيس محمد حسنى مبارك,0
#اليوم_السابع | #وزيرة_الهجرة: أتابع مع الخارجية حادث الاعتداء على العامل المصرى بالأردن,0
"""انتم كلكم منافقون وزارة الخارجية المصرية  قالت إن مافيش اعتداء على العمالة المصرية بالأردن كافية استخفاف بعقول الناس  ارحمونا""",-1
روحي هناك ووكلي له محامي واعملي له سند,0
 تحرش بها في الحافلة و الفتاة مستمتعة !!! :O,-2
"""نفسي اعرف لازمة وزارة الخارجية المصرية؟؟؟  انا اعمل بالخارج ومشوفتش ليها اي لازمة""",0
الى كل الإخوة في مصر تمت مساء هذا اليوم المصالحة وأغلقت القضية,0
علي البركه يا حاجه متجيش في حاجه وحشه,0
هى وزيره حلوه بس نايمه على ودانها  مش اتصالحو واتصورو مع بعض كمان,0
ناس تعبانة,0
يا رب,0
عايزين نتيجة مش رغى,0
الرئيس #السيسى: مهم جداً أن نختار جيداً من يمثلنا في البرلمان بكل حرص وأطالب كل الشباب بالنزول إلى صناديق الأقتراع ,0
وهو فين الشباب ام في المقابر او المستشفيات او خايفين مطاردين خارج البلد او في المعتقلات,0
سما المصري هههههههههه تمثلنا ف الخلاعه,-1
يمثلك انت يعنى معرصين مثلك,-2
اذا كان مخترناكش اصﻻ وربنا بالينا بيك يعني جات ع النواب يﻻ ليكم يوم,0
طالما فيه حصانة للعضو وامتيازات لكونه برلمانى يبقى هدفه السلطة والسرقة نختار ازاى ونتخب مين لازم يكون عمل خدمى ولصالح مصر فقط,0
أكيد بيتكلم مع الناس بتوعه عشان يجيبو أنس بتحبه  وما تعرضوش,-1
ابئو قابلوني,0
منين ياحسرة ومعظم المرشحين زبالة,-1
"""وانا مش عايز انتخب يا عرص  أنا حر وبراحتي بقي""",-2
 والله ابن حلال يا أخي هذا الرجل فعلا يقتل القتيل وبمشي بجنازتو,-1
بالفيديو.. جرائم #الإخوان فى حق المصريين.. حتى لا ننسى,0
جريدة معرضة وكذابة كل حاجة اخوان يا مفضوحين طيب وجرائم العرص فى حق المتظاهرين الثوار فين فين يايهود والله انتم اوساخ وعار على مصر,-2
في ايه ياعم ياسر هوانت لازم كل يوم تحرق دمنا على الصبح كده مش كفايه قنوات التعريض بتعتهم  اليوم السابع دى ابو التعريض,-2
ههههههههه معلش يا حماتى الغالية اعمل اية بس دمى اتحرق من الخبر القذر وكذبهم وتلفيق اتهمات على ناس اشرف منهم حقك علي,-1
والله الواحد قرب يجيلو الضغط والسكر من اعلام العار ده,-1
بعد الشر عليكى والمصيبة انى فية بهايم بيصدقوا كلامهم وشاربين جهل كامل الدسم حاجة تفقع المرارة الله يحرقهم بغاز,-1
اخذت الاذن قبل النشر  ولا الفيديو ده اخده من اسيادك,-1
 الذي قتلهم هو تقصير المسئول عن تدريبهم و كفاكم تلبيس اي حاجه علي في الاخوان و تعليق خيبت من تطبلون له عليهم,0
هو كل حاجه اخوان يا ولاد الوسخه,-2
ياولاد الوسخه يامعرصين ياكدابين ياولاد الكلب,-2
مفيش حمار بيتكلم زى البنى الادم بس في بنى ادمين بيتكلموا شبه الحمير زى اليوم السابع,-1
"""زعزوع: ""#السيسى"" يوافق على وضع صوره الخاصة على حملة السياحة ""هى دى مصر""""",0
هههه بايخه قول له بلاش,0
ياسنه سوخة !!!!!,0
يبقى كده ضمنا فشلها,0
"""هو النفاق مش ناوى يفارق الوزرا بتوع بلدنا شويه  كفياكم بقه متزودهاش""",-1
ههههههههههههههه مبروك عليكوا,0
مصر بتراثها و تاريخها اختزلت في السيسي,-1
والله انها أكبر مصيبه ل مصر وجود السيسي واذكر كلامي,-1
ههه ولا مصري يتطلم من اردني,0
مافيهاش حاجه.دي أكبر دعاية لمصر.,0
""" السيسي رجع زعزوع الوزارة فبيجامله  وحيعمله حملة دعائية بصوره  عزبة السيسي ترحب بالسادة الزوار""",-1
#محمد_البرادعى: زيادة الضحايا المدنيين فى العمليات العسكرية أمر غير أخلاقى,0
يا جماعة البرادعى انسان نكرة بلاش تهتمو لتصريحاته,-1
والمتاجرة بعقول البسطاء والفقراء واصحاب العوز ماذا تسميه؟ فهناك من يموتون بغير سلاح ولارصاص وبالتالى هو امر غير اخلاقى ايضاً,-1
رجل عرص اوى,-2
 بس داعش لما تذبح الناس يبقى ok فعلا بوب أو بوبي,-1
 اصل العساكر والجنود ولاد كلب يعني,-2
حمرا,-2
هههه وحياة امك,-2
اخرس ياعديم الاخلاق,-1
هو يا راجل انتا مش قولنالك اسكت وبطل تهتهه يخربيتك يا كلب يا عميل الصهينه والامريكان امك عامله ايه,-2
ياواطى معلقتش ولا كلمة على المستشفى اللى انضربت من اولياء نعمتك فى افغانستان ومات وعشرين واحد مات غير الاصابات ولا دول مش مدنيين,-2
"""#أردوغان يواصل استفزازاته ويرفع ""#رابعة"" بمؤتمر حول ضربات #روسيا فى #سوريا""",0
محة لسع  لانه يعرف ان بوتن نومة فى الدرة وعمل ما طالبة به السيسى ... العباسية قريبا سترحب بقناوى هنادى التركى.. البس القميص يقناوى,-1
"""دي ساحت خالص منك 😂😂  قال عمل الي طلبه السيسي دي توازنات قوي عالميه سيسك خارجها من زمان""",-1
"""انت بتهر  اردوغان بريالة  سيبك منة ياعم  ارفع معاة اشارة رابعة  هى  هى  هى  بنرفع معاك اردوغان""",-1
الدوج الارداتى خلوةيحطها على علم تركيا,-1
هههههه لما العرص يحط دي ✌ علي النسر الحزين,-2
راجل مش عرص زي سيدك,-2
ما تخافيش من الهبلة خاف من عيالها,-1
طظظظ فيك وفي رابعة بتاعتك خليها تاكلك بقى,-2
اهبل ذي مرسي,-1
"""خرفان السيسي محروقين  خاف يا أردوغان""",-1
"""#أبو_هشيمة: ""أنا رجل عصامى بدأت من الصفر وكنت بشتغل 19 ساعة يوميًا""""",0
ماهو أحمد عز كان حرامى قصدى عصامى زيك بالظبط يابن الحرامى قصدى العصامى,-1
بيستخفوا عقولنا ولا ايه بالظبط وكمان طلع اخوانى  متخفى,0
صفر ايه وحياه امك اللى ابتديت منه بلا فقعه,-2
 وكمان اخوانى يابن المنفوخه,-1
 لو19 سعه شغل يخلوك تتجوز هيفاء وهبى أنا مستعد أشتغل سنه كل يوم ياحيلة أمك وأجوز نانسى وهيفا وروبى,-2
وحياة أمك دانت لواشتغلت 200 ساعه فى اليوم متعملش ربع المليارات اللى عندك ياولاد الحرميه متستفذوش الشعب اللى انتو بتسرقوه,-2
كلهم بيقولوا كدة انا راجل عصامي .... يا واد يا جامد :D,0
بتشتغل 19 ساعة فى اية؟؟ هل كما يشاع فى التهريب لما كان بابا مدير أمن بورسعيد ولا لما كان فى ميناء دمياط ؟؟,-1
انا بشتغل 14 ساعة ومش لاقى اكل,0
انت خروف قطرى.... متنخفى,-1
"""فى عيدهم المنسى تحية للفلاحين المنتجين المحرومين . أصل مصر . سادة الصبر الحكيم والعرق الشريف وطول الأمل وانتصار الأخضر على الزمان البور.""",0
أأكبر غلط عملته في حياتي ان في يوم من الأيام قلت نعم في الانتخابات لحد زايك أأنا مخنوق منك ومش طايق اشوف صورتك,-1
انت بقيت مكروها من مؤيدين السيسي والاخوان و٦ابريل واشتراكيين والنور حاول تخرج بره مصر افضل ليك من الاهانه دي,-1
 لا واضح انه بقي بيتكيف من الشتيمه وقلة القيمه,-1
"""انت ليه كئيب وبتبث طاقة سلبية ؟  متعرفش تقول كلمتين كويسين للناس من غير ما تدب كلام كئيب ومحبط ؟""",-1
ياساتر يارب الراجل ده بيفكرني بالمعدده بتاعة الجنازات,-1
""" انت عايز تولع في دين ابو البلد وخلاص وعمال تلغوص ب كلام هرتله  انت اكبر مثال علي الحقد الطبقي""",-2
انت فين يابو سلمي بقالك كتير مش ظاهر😂😂قلقت عليك والله ليكون جالك جلطة والا سكته قلبيه والا شلل خضتنا عليك وانت زي القرد أهو😂,-1
والله السجن و القمع لأمثال حمدين رحمة للبلد بعد ما أتكشف هو ورفاق النضال ٤سنين شوفنا القرف بسببهم,-1
 انت لسه عايش يا فاشل يا ابن الفاشل  هههههههههههههههههههههههه,-2
خش نام يا كومبارس الانتخابات و ملكش دعوه بالفلاحين ...,-1
"""أهنئ  أهلنا فى المطرية بالإفراج عن الصيادين بعد عناء احتجازهم الطويل. شكرا لاستجابة السلطات فى السودان الشقيق وتحية لمساعى الخارجية المصرية.""",0
خليك في حالك البركه في رئيسنا,0
مش واخد باله أنه تدخل السيسي ياعيني مش قادر ينطقها طب السيسي بعتلهم طيارة خاصة تجبهم مسمعتش عن دى كمان,0
حج حمدين ام وجدي غنيم بتسلم عليك وبتقولك النهاردة كان في احتفال بافتتاح القناة الجديدة وعاوزة الطشت بتاعها,-1
اخرس يا عرصين .. هو انت لسه ليك نفس تتكلم.. لما الاخوان وحشين جوزت أختك لمحمد عامر مرشحهم للشورى ٢٠٠٥ و القيادي الإخواني ليه؟,-2
وماذا عن المحتجزين في زنازين الانقلاب .. بينت على حقيقتك يا كمبارس,-1
 الانقلاب ده عند امك يا لوح !!!!,-2
نفسي الاقي واحد من الانقلابيين يرد مش يردح  .. بس ماعندكم غير الردح .. الله لا يحرمكم السفالة,-1
دا انت مش عامل فولو للريس يا حمدين!!ولا تويتة عن قناه السويس و الفرحة ال في البلد!!النبي اتوكس والعب ف خرة الاسد,-1
قشطه عليك يابو سلمي..بس ايه رأيك في سيدك السيسي ..اشكره انه عبرك وارسل لك دعوه لحضور اﻻحتفال ..انت جزمه وﻻ تسوي ياحمضين,-2
انت اكبر واحد منافق معاكم معكم عليكم عليكم خاين لمصر,-1
"""23 يوليو الثورة الأعظم إنجازا وانحيازا للأغلبية فى تاريخ مصر. تحيةللشعب القائدالمعلم وطليعته الثوريةوابنه البار  جمال عبدالناصرناصر الفقراء.""",0
الله يلعنك انت وهو قول أمين,-2
ليا النعمه لو جمال عبد الناصر يعرف انك هتفضل تتمسح في اسمه والا كان عمل ثورة والا كان ثار😂😂😂 انت راشق في أي سبوبة يا عاطل,-1
"""هههههههه طلع الخروف اللي جواك ياعرص وجاوب انت فيه رئيس خريج سجون فيه رئيس يتامر علي بلده فيه رئبس يهرب اسرار بلده""",-2
"""فيه رئيس وﻻءه لعصابه فيه رئيس لبس السلطانيه فيه رئيس مايعرفش لغه اجنبيه فيه رئيس ﻻ يحكم  في رئيس يعمل للعصابه فقط""",0
""" لو مش مأثر عليك البرسي شوف مين الي بيتكلم إنجليزي الدكتور و العر# و إذا بتسمع من باسم سوسته دي مشكتك""",-1
دونت ميكس .جاز والكهول .والدرنك ...وسلم علي الجاسوس ابن سنيه ..المهم ان العصابه الوسخه كلها في السجون .واﻻعدام قادم ﻻ محاله,-2
"""مش بقولك البرسيم عمل عميلوة  بوريك مقطع ععلشان تفهم لكن نتائج تحاليل الكائن السييساوي متجيبش اكتر من كده""",-1
كسمك علي كسم مرسي وكسم اﻻخوان كلهم في تلسجون زي الكﻻب ياوﻻد المتناكه ,-2
جرائم عبد الناصر يا حمدين نا ندمان اني انتخبتك وندمان اني كنت في حملتك  منك لله حسبي الله ونعم الوكيل,-1
اول واحد بدأ الخراب هو عبدالناصر بتاعكوا ده ... جاتكوا القرف,-1
"""الإرهاب مهزوم مهما تصاعدت جرائمه.  تحية لأرواح شهدائناالابرار. شعبنا مع جيشنا. مصر أقوى من الإرهاب.""",0
كلب العسكر,-1
"""ضيعتوها يا خونة  ولكن ربك قادر يدير دائرة السوء عليكم ويجعل تدبيركم تدميركم   يا بايع مصر من اجل الكرسى""",-1
الله يلعنك ويلعن كل واحد برقبته دم بريء انتا سببه,-1
كس امك,-2
في إنك إنسان كذاب ومدعي وبترمي إتهامات بالباطل على ناس شرفاء ووطنيين يا أستاذ,-1
قطه ؟ لأ وكمان طلعت حقير مبتعرفش تتحاور,-1
انا عمرى ما شفت حد بيتكيف من الشتيمه كده انت راجل هزؤ جدا,-1
المداخلة الكاملة للسيد #حمدين_صباحي مع الاعلامي وائل الابراشي على خلفية الحادث الارهابي الجبان,0
دخيل شعاراتك يا كذاب يا قومجي ,-1
السيسي هو الارهاب وما حصل انما هو ردة فعل من شعب غاضب,-1
يخطئ من يعتقد أن الإعدام هو الحل.,0
تيجي نجرب معاك كدة ونشوف .. متتهد بقي ربنا يهدك يا راجل يا فاشل,-1
ههههههه ياسمين اكثر الله من امثالك :)),0
اصله هيقرفنا ويقعد يفتي,-1
طب خشي عالمطبخ ياعجله شوفيلك حاجه اطفحيها ما ينفعش بتخنك ده تقعدي من غير أكل يا ملظلظ انت يا كايدهم,-1
العجلة دي تبقي امك,-2
يا ملظظ انت يا مكلبظ يا ابو ليه يا جميل,-1
الليه دي عندة يا خروف روح مأمأ بعيد يا ابن العجلة بلوك,-2
هاهاهاهاهاهاها ماعلش جيت عالجرح يا كلبظ,-1
"مرسي نجح ب٥٢٪يدوب مجموع دخله السجن ،، انت جبت ٣٪ نوديك فين ؟! يا دوب عند داعش ف العراق  ربنا يوعدك  بواحد داعشى يروقك كده",-1
يا فاشل .. هتفضل زباله طول عمرك و عمرك ما هتنضف .. أحب أفكرك بس إن الأصوات الباطله كانت أكتر من الأصوات إللى أخدتها فااااااشل,-1
"""15 مايو 1948... لن ننسى :فلسطين أرضنا.  ولن نغفر: ( إسرائيل) عدونا.""",0
"""بطل هري وياله علي عنبرك يابلحه ميعاد الحقنه جيه😂😂😂😂 انت جي من بره والا جوه يابلحه😜😂😂عدونا هو انتم ياشويه خونه يابتوع البطاطين""",-1
فلسطين مش ارضنا ولا قضيتنا,0
ﻻ فلسطين أرض العرب والمسجد الاقصي قضيه كل مسلم,0
عاوزين تعملو شو بطولى على حساب مصر وجيش مصر لو فلسطين فيها راجل يحارب اليهود ويورينا,-1
تحية من قلب عربي فلسطيني إلى قلب عربي مصري..حمدين صباحي كنت أتمنى فوزك بالإنتخابات الرئاسية المصرية و أنت أهل لذلك,0
واحنا لن ننسي انك كومبارس ومعرص ابن وسخة ومهما فعلت ياعلق هتفضل في نظر الكل مجرد كومبارس خخخخخخخخخخخخخختفو عاللي خلفتك,-2
خدلك اسنيكارز انت مش انت وانت جعان يا حمضييين,-1
اسمه الكيان الصهيوني مش اسرائيل,0
"""امال ايه الحل من وجهة نظرك ؟  عايز المجرمين  يخربوا بلدنا و يفجرونا و يقتلوا أولادنا و احنا نعمل لهم عنابر تسمين ؟""",0
يا خائن يا منافق يا آفاق يا نصاب يا فاشل يا وصولى يا محلل  يا مجعراتى انت ضيعت مصر بلدك و بعت دماء الشهدا اترك فلسطين لرجالها,-1
اقالة وزير العدل هى الحد الأدنى للرد على تصريحاته المشينة المهينة للمصريين .,0
طب وبالنسبه للي قتلوا الآلاف واعتقلوهم وعذبوهم حتى الموت في الاقسام دول مش هتقولهم حاجه؟ اللي ماتوا واعتقلوا دول مصريين برضو!,0
مش هيرد عليك يا عمر  مش هيرد عليك ... مش هيرد لأنه ماااااات,0
"""يعني ايه مات   كان فيه معتقلين هنا ! وتعذيب وقتل  واغتصاب !  دة حتى شفته في انتخابات رئاسية !!""",0
"هاهاها لسه عايش وبيعرص اهو، انا افتكرته مات فعلا لحد مانط علينا بالتعريصه دي فقلت احا بقى",-2
 يا حمديين ياعرص ؟؟؟ أمك عارفه ؟!,-2
الحد الأدنى ديه عجبتني منك الصراحه حسستني كده انك دكر ومكنتش هتسكت لو متمش إقالته😂😂انت بقي عملت ايه لما أحمد مكي ضرب موظف!!!,-1
طبعاً موجود هو الأمل الي احنا عايشين بيه صباحي الأفضل مصري بجد حاسس بينا,0
صباحي علي النت و الفضائيات ظاهرة صوتية حنجورية فقط لا غير او كما يقال ضجيج بلا طحين,-1
"""الصراحه الراجل قال واقع حاصل بس مكانش لازم يفسرها كده فى وشنا  هما بيعمولها صحيح والشعب واخد على قفاه بس توصل البجاحه لكده""",0
بس يلا انت جاي تتكلم دلوقتي انت حيوان,-1
"""يختلف المنصفون على القضاء الشامخ لكنهم يتفقون على القاضى الشامخ: زكريا عبد العزيز. كل التضامن مع المستشار الجليل النبيل رمز استقلال القضاء""",0
أفقدتنا الثقة فيك للأسف..انا حزين إني وصلت للرأي ده,0
"""هذا الحمدين اصبح دميه في يد العسكر والامارات بس انفضح تدليسه على شتى اﻻصعد كنا فاكرينه مناضل ثورى طلع متواطئ$$""",-1
حمد الله على السلامه يا كومبرس عصرك وزمانك,-1
مش بترد على الواتس ليه ياسطى .. رد علوزك بجد با ريس,0
"""حمدين سيبك من التطبيل $$الان طلعت الى اﻷضواء تانى ليه روحنا لحمدين الحزب وقابلناه وقلنا مش هقدر اعمل حاجه للمعتقلين""",-1
"""الان الاعﻵم المصرى المناضل بدأ ينتقد في السيسي حاجه من الاثنين اما مسرحيه علينا او السبوبه خلصت فبيذكروهم""",-1
خاين زيك ياعبده مشتاق,-1
"""انت فين يا وسخ.  ايه اخبار رقم  الحظ ٣ معاك. ايه اخبار بنوتك النصابة. عيلة هايله""",-1
 زعﻻن من غيبتك الطويله فرحانلك باستراحة المحارب دي...بس صوتك وحشنا ياابو النضال وثقتنا فيك مابتتهزش يانسر :),0
وادام انت بتايده يبقا واطي زيك,-2
"""تحية للعمال فى عيدهم . وللفلاحين فى سرسو. ولكل الساعين رغم مشقة الطريق الطويل نحو الهدف البعيد النبيل : العدالة الاجتماعية.""",0
وللفلاحين ف ايه ياسطا,-1
سبيه هو خلاص عرف غلطه,0
"""انت طلعت من السرداب يا حمتين  فيه تعليمات جديده من مخابرات العرص  وهنشوف طلعتك البهيه قريبا""",-2
دا مابيخدش تعليمات ولا من مخابرات ولا مكاتب ارشاد ولا بيبتزه مستثورين كل هلاقتهم بالسياسه يسقط يسقط,-1
""" فعلا بامارة المركز الثالث بعد الاصوات الباطله  اهو كومبارس لتكملة المشهد  هو خلص السبع تلاف جنيه وللا لسه""",-1
خلصهم وقطر وتركيا بتبعتله حصه مع حصص الخرفان,-1
"""اردوغان جزمته برقبة الكومبارس بتاعك وامير قطر راجل وعامل كرامه لشعبه في كل مكان  خوش الدرج يا سفنجه""",-1
طبعا اوليا نعمتكم وتاج راسهم لكن هما وانتم لا ترقوا لاسفل حزمة حمدين..واخيرا ادرك انه حراق لكم ولايتام مبارك,-1
 ياعم اتنيل  ... انت نصاب وبتاجر بهموم الغلابة,-1
تحية لامك علشان خلفت نطع زيك يا بغل روح يا بنى شوفلك شغلانة كل منها عيش ولا قبضت  الشيك علشان كدة طالع تعمل بلقمتك,-2
"""الشعب اصدر حكمه النهائي على مبارك منذ  25 يناير، وحكم الشعب أقوى و أبقى . العار للطغاة وان أفلتوا من العقاب . والمجد للشهداء ولو أنكروا دمهم"" ",-1
حمتتشين حبيبي طير انت الناس العفاريت بتتنطط ادامهم فبلاش تتعور يلا حبيبي طير انت دلوقتي,-1
حمضين ماتقوم تتطمن على سيشوارك,-1
واطي واحدة بس ده واطي واطي يعني والغريبة غاوي يتشتم ده مريض ده ولا ايه حمدين غاوي يتهزأ سبحان الله,-1
بيشتغل عميل يعني ايه بيشتغل ايه ؟؟؟ عميل يا ابني عميل,-1
"""كلنا معاك وكلنا في الميدان حانستقبلك بأغنية طَلَع البغلُ علينا و عندي مسدس 6 مل أجيبه وأعمَّرُه وأضربك بالجزمه توفيراً للرصاص""",-1
بس يا كومبارس يا بن الوسخة,-2
"""حمدين ..... ابقي اتغطي كويس وما تاكلش سمك ولا بيض وهانجوزك هنومة ان شاء الله""",-2
"""انزل يا حمدين واوعدك حتكون شهيد وتقابل الشهداء  وحياه امي لو شفتك لعملها""",-1
كسمك يا ابو لمعه يا خول ,-2
والتيتا في النانا والنانا في التيتا والبابا اوبح اه البابا اوبح,-1
"""كل ليلة تمضي تعمق معرفتي بهشاشة هؤلاء الأقزام ، وتصغرهم في عيني أكثر #الرئيس""",-1
ضاعت الاخلاق و القيم و الدليل هذه التعليقات,0
دول لجان الكترونية تبع المخابرات وشلة شراميط مش لاقية رجالة .. حريم حكاكه,-2
من انحرافات صلاح نصر الى مخابرات الشتم و السب و تربية الشراميط.,-2
بس يا ريس بقى ماتصغرناش ده انت كنت واقف مش عارف انت فين اصلا ده هشام الحرامي كان دريان عنك لما اتمسك,0
"""كم انت محترم يا شريف يا مخلص   هؤلاء احقر من اقزام انهم جردان تخاف النور ولا تعيش الا بين مجاري االكواليس!""",-1
لن ننسى أطفالنا الذين يتمهم الانقلاب الصهيونى,-1
أفرك حلمات بزازك أحسن هترتاح يا دكتور مرسي,-2
"""ههههههههههه يحي حامد نٌكتة بجد كٌتقمص جينات العبط من مرسي طيب اقزام وهحاول اصدقك لما اقزام فشختكم يبقي انتم حشرات طبعاَ""",-1
محكوم اعدام وتغرد ازي بقي يا عصفور,0
اسال امك وهى بتتجلد وهى بتتناك,-2
"""إننا سنحمل وطننا على أكتافنا ، وننصر ثورتنا ، ونعلي قيمها وأهدافها ، ونستنقذ مصرنا من تلك الطغمة المستبدة .  #الرئيس""",0
اللهم بحولك وقوتك وكرمك وفضلك رده سالما غانما لمصر وشعبها مرفوع الهامة منصورا,0
كل سنة وأنت طيب يا ريس وان شاء الله العيد القادم تكون فى منصبك وسط شعبك بحول الله وقوته,0
وانا اجدد البيعة لامك وامه وكسمك علي كسمه,-2
"""كان ممكن أرد عليك واشتم  بس الله يسامحك""",0
طيزك حمرا يا مقلوب,-2
يلا يا ابن اللبوة,-2
بس يا شرموط يالبن القرد,-2
 يالا يابن المرة الوسخة كسمك علي كسم ابوك راجل خوب مخلف عيل متناك,-2
انت بردو اسأل امك علي ابوك الحقيقي يا خلفة العناتيل,-1
كسم كل كلاب السيسي يا ريس ... عاش نضالك يا ريس,-2
"""كل عام وأنتم بخير وثورتكم مصونة منصورة . محمد مرسي رئيس جمهورية مصر العربية #الرئيس""",0
كل سنة وحضرتك طيب وحر مع إني قلت يسقط يسقط حكم المرشد بس كل حاجة وضحت بعد كده,0
مبقاش باين مين الصح والغلط ومين خايف عالبلد بس كل اللي اتريقنا عليه أيام #مرسي اتخرصنا عليه أيام #السيسي,0
كل عام وانت رمز الاحرار ياريس ..كل عام وانت جايب للعبيد حرقان,-1
رئيس مين يا روح امك؟,-2
شوف حد ينيكك,-2
"""هههههههههههههههه طيب وازيك وازي  امك  في السجن وبيتوت  وتلاقي القطيع مصدق ان ده فتحية بن سنية :)""",-1
 تتكلم مع رئيس جمهورية مصر العربية باحترام  ياقذر ياعبد اللبيادة ياكلب,-2
ايه الصوت الخرا اللي سمعتة دة؟ هههههههه انت بتغني زي البنات الحايحة كدة لية؟ ههههه و انت لا صوت و لا شكل كمان؟ بتغني ليه يا خروف؟,-2
ثورة آيه قصدك ثورة الاٍرهاب ماانت مسكت البلد سنة خربتها وقعدت على تلتها وغير كده دخلت الأسلحة واستقبلت ايران .,-1
فهموك انه خرب البلد في سنة ياابن الرقاصة ؟ طيب وعميل الموساد اللي بيحكمك دلوئتي ياندل يابن الندل,-2
"لقد أحال الانقلاب الوطن إلى بحور جراح أعلم أن الثورة طبيبها ، وأن القصاص منتهاها ... فاستبشروا خيرا واستكملوا ثورتكم والله ناصر الحق #الرئيس ",0
الله ينصرك ربي ويعزك ويرفعك  انت وكل مخلص قابع بالمعتقلات ظُلماً وزورا,0
 ربنا يحفظك يا رئيس ويحفظ اسرتك الكريمة كلنا معاك يا ريس يسقط سيقط حكم الخونة,0
بحور جراح ؟!؟ هو انت بتكتب بمناسبة الفالنتين !!؟ متخلف برة و محبوس ومعين مدير حساب .. يالهوى بجد,-1
 تحية الي البلهاء من التنظيم الدولي للإخوان,-1
طوال عام كامل أحسسنا بأن مصر تضيع من أبنائها وأشقائها وجميع ذلك كان سببه سياساتك التي أعطت لجماعتك مطلق الحرية في تخوين الكل,0
 الثورة مستمرة ولن نفرط فى الشرعية حتى ولو اريقت دمائنا جميعا,0
حسبي الله ونعم الوكيل فيك يامرسي انت وجماعتك القذره يا خونه,-1
ثبتكم الله وعجل الله فرجكم فلا تهنوا وﻻ تحزنوا لكم الأمن والعاقبة ولهم الرعب والهلاك .,0
هههههههه يعني مهيطل وهو برة المرشد راكبه وعامله برافان وهو محبوس بردوا مركوب وعاملينه برافان لا والخرفان بتامن احييه يامصر,-1
الشعب المصري جبان خنوع لا يملك الشجاعة للمواجها و اسرائيل معها حق تدعس علي رؤوسكم مرسي له الله و ليس انتم,-1
ان شاء الله لن أغادر سجني قبل أبنائي المعتقلين ولن أدخل داري قبل بناتي الطاهرات المعتقلات وليست حياتي عندي أغلى من الشهداء الأبرار #الرئيس,0
بس يا خول يا ابن الخول,-2
هو السؤال ياتري هو اللي بيكتب الكﻻم ده وﻻ الجماعة هما اللي بيكتبولوا برضوا وهو استبن حتي علي تويتر,-1
"""ممكن يا ياسمين تقوليلوا انه خروف ﻷني قولتله كتير بس بيفتكرني بشتمه يمكن يصدقك إنتي""",0
"""أهلا بأمير المؤمنين  والله أن حذائك يسوى السيسي وداعميه ومؤيديه  لن يخذلك الله ولن يخذلك الشرفاء""",-1
"""امير المؤمنين مره وحده !!!!!  اللهم اشفهم من مرضهم  اللهم اشفهم من خيانتهم للامة""",-1
بس يا متناك,-2
" واضح انك مبسوط عندك يا مرسي (فتحية) والجلاشة مريحاك اوي ، بلاش بقي تماحيك في شراميطك بليز والبس وخليك كوووول",-2
الش** دول انتوا اللى تعرفوهم يا بتوع نكاح الكاراتيه وحبلى بنجمك واذوب عشقا فيه .. يا ولاد الرقاصه,-2
ليت كل الرجال مثلك أيها البطل المجاهد الشريف,0
مشكلتك يا علاء صادق يا ابن الاحبا انك سفيف وبتتركب من مصغرك,-2
الانقلاب الكسيح وقياداته خائفين من مصير أسود عقابا لهم على ما اقترفته أيديهم من جرائم في حق هذا الشعب العظيم #الرئيس,0
"""اللهم كُن له وثبته وانتقم ممن ظلمه، اللهم أهلك من فرّق وحدتنا وشتتنا.  اللهم انتقم من اللي بيشتموا في المينشنز بردو :)))""",0
يالﻻ من هنا ياأهطل,-1
"والله زمان يا بن الهبلة  ، يلا قوم معاد جلسة الكهرباء",-1
واقترب هذا اليوم ان شاء الله فلا يضيع حق وراءه مطالب فكيف بدماء الشهداء فلا تفاوض علي دماء الشهداء من قتل يقتل,0
لية بتساعدوة ...لما تعملوا ريتويت للعميل الخائن لكلاموة الاخرق الحيوان,-1
ان كان على الشتيمة انا مش بحب اشتم ولكن فى ساعات يخرجوا الواحد عن ادبه,0
رئيس  جمعية خولات مصر يتحدث إليكم من بكابورت وادي النطرون,-2
من كبانيه مأمور السجن شخصيا يا ياسمين,-1
"""يا آدمن يالطخ الشعب العظيم هو اللي خلع الخروف مرسي . . اتفوووووو ياجماعة وسخة  #تحيا_مصر #حركة_بلدنا""",-1
مصيرك وباقى الخراف الضالة هو الأسودمن قطارالسكةالحديد بتاع زمان .. جزاء خياناتكم وإرهابكم .. ياقتلة,-1
أعلن للعالم كله أن بوصلتنا مضبوطة على دعم فلسطين ضد المحتل الغاصب وأننا مع كل مقاومة ضد أي محتل #الرئيس,0
"""انت يا مرسي ضد المحتل الغاصب يا سنكوح  يا بقحتك شوف الصور وبلاش تعمل فيها بطل وكلام فارغ""",-1
"""أنا أعترف بأن الذي دبر الانقلاب ضدك  يادكتور محمد السعودية والامارات وقلوبنا معك ونحن مع الاخوان المسلمين  والسيسي قرب يومه""",0
لهالكلمات انا عارفة انت معتقل ياريس بس معلش المعتقل للرجال وللأسوود الله يحفظك وينصرك,0
"""ربنا يفك اسرك يا ريس وأسر الأحرار عاجل غير اجل""",0
"""اسمك النهاردة كان بيرج الشوارع يا ريس، كل النور ما يقطع مصر كلها فنفس واحد كانت بتهتف ""الله يخرب بيتك يا مرسي!""""",-1
انت كسمك ياض يا مرسي يابن المرة القحبة,-2
والله ماقحبه ابن قحبه الا انت يا لوطى,-2
خخخخخخخخ و حاطط صورة العرص خالد مشعل ههههه كسمهم جميعا,-2
الزعيم البطل ؟ ياعرص دة بيتناك م العساكر  زيك بالضبط,-2
باين عليك يا ابن الرقاصه احلف انك على ابوك انت لو انت على ابوك جيب عنوانك,-2
الله يشهد أني لم آل جهداً أو أدخر وسعاً في مقاومة الفساد والإجرام بالقانون مرة وبالاجراءات الثورية مرة فأصبت وأخطأت ولكني لم أخن فيكم أمانتي,0
"""الدكتور محمد مرسي. وجه يتشرف المصريين عندما يقولون هذا هو رئيسنا. لايظلم كعبدالناصر  لايسرق كحسني ولايخون كالسيسي""",0
الله يفك اسرك يا انسان بمعنى الكلمه هم لا يستحقوا شخص مثلك كيف يستبدل دكتور مثقف حافظ لكتاب الله بابن يهوديه,-1
ان شاء الله هيرجع واعدام القتلة فى ميدان رابعة,0
 أنت أكبر خائن بتحكيمك الديمقراطية الكافرة وإستبعادك الشريعة الإسلامية.. والله إنك لخائن للأمانة,-1
أنتم هكذا ... تصارعون أخوتكم في الإسلام و تدعمون الفاسدين كالسيسي و من على شاكلته ... قبحكم الله,-1
اخوي صالح انا مو ضد ولا مع مرسي بس عندي استفسار بسيط هل صحيح انه سمح ليران بناء حسينات,0
لاتفكر اني ابحث شيء يسيء الضن في مرسي بلاعكس بس كنت اتجادل مع شخص واعطاني هالمعلومات وحبيت اتاكد,0
عاش الرئيس الدكتور #محمد_مرسي عاش وشكراً لصاحب فكرة إعادة التغريد من الحساب وقريب الرئيس نفسه هيغرد منه إن شاء الله #الرئيس,0
"يعني أحداث الاتحادية دي إجراءات ثورية ،!!!!؟؟  تصدق ظلمتك امرسي . #بصقه_بحجم_السماء قبحك الله انت وشرزمتك المجرمة",-1
ملعون ابو كذبك الشعب مقتلش في بعضه..انتم الي قتلم وحرقتم المسلمين,-1
"""شعب مصر العظيم  أهنئكم بالعام الهجري الجديد والوطن في ذروة ثورته ، وشبابه في أوج عزمهم ونفاذ كلمتهم #الرئيس""",0
كل عام و انت طيب يا ريس ناصرا للحق منصورا به إن شآء الله :)),0
كس أمك,-2
ايه يابنت العرص يالبه جه سيدك ده يامتناكه,-2
عام أسود على دماغ اللى خلفوك وجابوك يابن الزوانى أنت وجماعتك الوسخة وابن كوم الفواحش اللى قاعد بيتويت ده,-2
أهو فش غل هعمل إيه يعنى,-1
صحيح هوفي ذروة ثورته.ولكن على من يرهبه ويقتل جيشه ممن خرج من عباءة جماعتك الخبيثه التي انت باب خيشها.واستخدموك حتى لقيت مصيرك,-1
ربما يكون الاخوان قد فشلوا سياسيا ولكنهم لم يفشلوا وطنيا ولم يكذبوا ولم يتآمروا ولم يقتلوا المصريين,0
مرسي وجماعته هم احرص الناس علي الدول العربية وعلي أمنها ويموتون دونها ولا يسفكون دما ابدا وكل هذا محض افتراء,0
ياله ياهبل يابن الاهبل هي ناقصه ميتين أمك علي المسا ياله يابن العبيطه علي زنزنتك انت جي من بره والا من جوا يابلحه,-2
ايه ياشرموطه روحت شقة العرص بتاعكو ولا لسه يابنت المتناكه,-2
أصارح الإخوة المسيحيين بأني لاأشعر براحةكبيرة لتلك العلاقات الفاترةالتي لاتخطئها عين خلف الابتسامات والزيارات واللقاءات البروتوكولية #الرئيس,0
الاعلام بيفضحكم عشان كده بتهاجموه,-1
"""سلام عليكم@Lamees_Alhadidi  أسأل الله تعالى أن يفضحك في الدنيا ويفضحك على رأس الخلائق يوم القيامة""",-1
"عدد من القتلى اليوم، والوضع ع وشك الانفجار، ثم يأتي مدعي الشريعة لينكر ع سياسي في عنقه ملايين الناس مسألةجزئية، ليهنك الفقه أبافوزي",0
"""""مدعي الشريعة"" كلمة ماهي طيبة منك أخي عبدالرحمن، سامحك الله، على ماذا تنكر علي؟ خالفت الشريعة بماذا؟""",0
ايه الكلام العبيط دا!!,-1
كس امك بجد يعني من غير هزار من قلبي وإلهي,-2
لم نفسك دة رمز لبلد احترم بلدك على الاقل ناس زبالة,-2
"كلاب الفلول و #جبهة_الانقاذ تعوي في كل مكان، لا تعبأ بهؤلاء الحثالة تجار الدم والملحدين منهم",-2
سيبك انت .كنت مسخرة يا ريس الله ينور وبرضو كالعادة مفهمتش اى حاجة =)) .. الخلاصة انك بتأكد اهمية رحيلك يوم 30... وصلت يا برنس,-1
تواضروس كاذب ومتامر لعنة الله عليه,-1
"الكل يعلم ان كل اخواني او بيحترمهم يتحسسون اقفيتهم العريضة منذ ديسمبر٢٠١٢ فكل مصري قد طبع كفه عليها،دعهم يحترقون ولا توجد لهم مراهم #مصر",0
"سهل أوي إن أي شخص يبقى جبان ، يضربك ويجري ، بالضبط زي ما بيعمل أي حيوان !!",-1
يامعرص انا وقفت قدامك نصف ساعه ولم تتجرأ تمد أيدك انت كلب زي العرص الكبير ال اسمه السيسي جبناء,-2
انت قفاك وجعك للدرجة دي ومخليك بتهرتل ومش عارف بتقول ايه .. ع الاقل الاخوان كانت الدولة نفسها ضدهم بس انت اتظبطت بنيويورك,-2
"""قهر قهر قهر اولع ياكلب كلنا يوسف الحسيني وهنفضل نحبه ونتابعه """,-2
 انا لا هولع ولا حاجة.. شوفي الحسيني اللي عمللي بلوك مسكين.. هيموت نفسو من كثر ما خاد على قفاه,-1
"""قدع يوسف يعملك بلوك  وبالشبشب على فمك يا ايها الديوث وانت معارض ليوسف مالك بتتنطط زي القرد في كل تغريده""",-2
مادام بتشتمي يبقى انتي من فصيلة الحسيني المفضوح. نفسي أعرف ليه كلاب السيسي ما فيهمش واحد مؤدب.,-1
الاخوان مايشتموش ياض ياخول طب كس امك وكس اختك وكس جارتك والحسيني سيد اهلك ياكلب,-2
محروقين منك علشان انت معلم عليهم وفاضحهم هو ده تمامهم قلة الأدب  ... اوعي تزعل نفسك لو خرج العيب من أهل العيب يبقي عادي,-1
لا ياروح امك ايدنا احنا الى بقت معلمه ع قفا امه,-2
٢٠ خروف ب ٨٠ قرن ( علامة رابعة ) واقفين قدام مقر إقامة #الرئيس #السيسي في #نيويورك بيشتموا كالعادة و قالك اعداد غفيرة :) #مصر #تحيا_مصر,-1
و الله ما في بقرون و معرص غيرك يا عفش يا كلب ساويرس النجس,-2
اظهر الفروقات الخمس بين هذين الاخوين واكسب معانا خيشت رز. ,0
حضرتك ليه حاطط صورتك؟ مش الصورة اللي عالشمال دي صورة حضرتك برضو؟,-1
والله انتي ادرى  اكيد بتشوفي اللي على اليمين لما بيروحلك بالليل ولا ايه؟,-1
وكام خروف بكام قرن رافعين صورة السيسى وبيهتفوا طمنا ؟؟,-1
الراجل الذي ضرب #العرص #يوسف_الحسيني على قفاه يجب عليه غسل يده عشر مرات إحداها بالتراب لان الحسيني انجس من 🐶 الكلب #مصر,-2
خلي الكلاب الي شتمتك في امريكا اولاد جهاد النكاح يجوا هنا مصر واحنا ننيك ابوهم وهلهم واحد واحد,-2
طب ماتيجي انت احسن ولا قاقولك ابعتلي امك او اختك تلقيهم خلوين و ملظلظين,-2
ليه يا كس امك هما احفاد جهاد النكاح زي امك وأختك يا خول يالي رئيسك ومرشدك في السجن بيعملوا مديحه يا عرص,-2
انت واخد بالك انت بتغلط بس انا عزرك انا لو  دا لو و عمر اي واحد حر هيكون مكانك يا معرص ان كل الامهاد زي امك فتحه رجليها,-2
"""معلومة:لجنة ال٥٠تم تشكيلها بمعرفة رؤوس الدولة ومنهم #السيسي اتعجب:ممن اكتشفوا فجأة ان الدستور لا يصلح بعد تعليق #الرئيس ،لعن الله المنافقين""",0
"""اهدى بس عشان أول لما ها يدعوا لتعديل الدستور أنت أول واحد هاتقول نعم""",-1
ضحكتي يلا على اساس انك حقاني أوي ده انت اكبر منافق شوفته ف حياتي يامعرض 😑 قال ايه كنت بحترمك😷كتك القرف مطبلاتي,-1
عملتلي بلوك يامطبلاتي 😂😂😂 كتك وكسه,-1
أنت غبى با حسينى...كيف سيتم تفعيل المادة الخاصة بتحديد حد أدنى كنسبة من الدخل القومى للانفاق على الصحة ...,-1
 فعلا لعن الله المنافقين سوري يا يوسف انت اللي قلت,-1
انت يا إما كنت عارف انه دستور مش كويس وبطبل ليه تبقى منافق ..وإما لسه مقتنع إنه كويس بعد ما رئيسك قال غير كده تبقى جاهل,-1
وربنا يلعنك فاكر حلقة امبارح,-1
"""العيب و اللعنة مش على المعرضين و المنافقين لوحدهم  العيب على اللى قابل التعريض و النفاق و ما بيقولشى لا و لا عيب""",0
"""الشيطان أحمد شاهين نعى الدستور دا من سنتين في اتصال مع عمرو أديب .. أعلن وفاته قبل مولده  ما تقوليش فلك   لعب كبار الإنس""",-1
 انت اول المنافقين والاعلام يجب ان يتتطهر من امثلكم,-1
"""#اليوم_السابع |  يوسف الحسينى تعليقا على #قانون_مكافحة_الإرهاب : ""كنت عاوزه أشد من كدا""""",0
"هذا الصنف من البشر أشبه بالكلاب المدللة ، لا يستقوي إلا بوجود صاحبه . ومن الطبيعي أن يتمسك ببقاء حكم العسكر .",-2
اشد من كده هيطلع من بقك يا آه يا آه,-1
اذا كان هو كده والارهابين رادو عليه باالعتف ده ولو بقي اشد هيهدو البلد يااستاذ يوسف,0
 انت وصولي ومطبلاتي مع اي حد وكل حد,-1
"""انا مكنتش متخيل ان الواد ده كلب ومعرص للدرجادى""",-2
 يا جماعه مفيش راجل يدهوله اشد من كده ؟,-2
كلب,-2
التعريص لا دين له و لا وطن,-2
الله يرحم اول ما ظهرت وكان شكلك تحفة لا لبسك متناسق ولا افكارك ..كل اللوم على باسم يوسف اعطاك شهرة لا تستحقها ...,-1
حد يدهوله اشد من كده او نادوا الفيل من الجنينه هو ده اللي هيدهوله اشد حاجه في الدنيا بس الحسيني يجهزها ويوسعها للفيل,-2
"تلبية لرغبتكم،الليلة حصريا نعيدعرض اخطر وثيقتين اصليتين من داخل مجلس الوزراء القطري حول تمويل الجزيرة وتعذيب ابن عم تميم #طلعت_ريحتكم #قطر",0
ولَك يا فطيس يابن التيس فضائحكم  غطت المعموره فوقك خرا وتحت خرا يابن الخرا وبقول اففففففففففففففف ريحه خرا حمار الذي يسمعلك,-2
حضرتك من الشخصيات الوثخة بصراحة يا يوسف بجد والله وطبال جيد,-2
والله يا كلب سويرس هتعيش كلب وتموت كلب,-2
شكرا علي.الاعادة الحلقة متميزة وانا عن نفسي شفتها تاني شكرا يا يوسف,0
"تخية عطرة من الادن ،انا من متابعيك ،احتاح منك مساعدة كيف يمكنتي التواصل",0
ياوطنى  انت وسوارس,-2
الراجل بيقول وثائق ايه لزمه الشتيمة,0
انت وسخ ونتن ياليتك تسب قطر بس حتى السعودية ماسلمت من قلة تربيتك ياحثالة,-2
"""ياد يا عبيط يا ابن العبيطة الوسم ""الهاشتاق"" #طلعت_ريحتكم يتكلم عن فساد الحكومة اللبنانية يا خريج المدارس الصليبية """,-2
سيبك من قطر وتلهي في الفقر اللي عاصركم ومذمة التسول اللي بليتوا العالم معاكم جاتك خيبة يابن فيفي ونت شكلك عامل زي البطة .,-2
امتنع عن شراء اللحوم الحمراء و مصنعاتها و اقرص ودن التاجر الجشع و يمكن الحكومة تخشن شوية #بلاها_لحمة,0
في الكويت هناك حملة شعبية لمقاطعة شراء السمك بسبب ارتفاع أسعاره الجنونية  ...,0
من يوم موضوع لحم الحمير وانا ممتنعه عن اللحمة بلاها قرف #بلاها_لحمه,0
"""ياريتكم تخوضوا الحرب الخارجية بنفس ضراوة ما تفعلون بالداخل  ردوا ع مرتزقة الجزيرة الذين يعيثون هنا فسادا وتشويها.!""",0
"""يعنى انتى مش هتاكلى لحمه هاتقدرى انتم اكلتوا مصر جت ع اللحمه يعنى انه لا يفلح الظالمون""",-1
وانت علي بالك بتاخد راتب من التليفزيون زي راتب وزير وبتقول ممتنع عن اكل اللحمة. امال الفقراء يعملوا ايه ياكلوا طووب,0
"""ومين يقرص ودن تجار الوطن محتكرى صكوك الوطنيه من اعلاميين و سياسيين و عسكر  يا  ابن العلمانيين""",-1
شكرا روح لامك,-2
"فيه افراد من الحكومة مستفادة من الاسعاردي ، زي ما هي مستفادة من اسعار الغذاء والحديد والاسمنت والاعلاف والعربيات والسلاح",0
كداب و شكلك مقضيها سيمون فيميه,-1
مش دة الحل يا برنس الحل فى ان الدولة تمنع ذبح العجول البتلو والاناث وتدعم الاعلاف للمربيين زى زمان الجزار  لا علاقة لةاكيد بلاها لحمه بس ياريت بتوع الفراخ  ميستغلوش الموقف,0
"مابين انظمة احترفت الشجب والتنديد وبين ميلشيات عفنة احترفت المزايدة ستظل القضية العربية #فلسطين كما هى،هذه نكبتنا #مصر #السعودية #الإمارات",0
للاسف الميليشيات العفنه ضيعت القضية.الفلسطينية !!,0
والله لو نزلوا الشوارع وناموا فيها وجابوا شلل لاسرائيل حانشوف ندعمهم ازتي,0
"""نكبة ليه بس هو إحنا بنستمد الشعارات والطهارة غير منها وهى ورقة التوت اللى بنغطى بيها مساؤنا وأفعالنا دى نعمة لكتير مش نكبة""",0
بس يا عرص,-2
مابين خونه ومرتزقه تضيع القضيه ولا عزاء لشهداء ضحوا بارواحهم من اجل لا شئ,0
"""لا فرق بين نفايات بيروت في الشارع واعلام مصر في الفضاء كلهم  زبالة""",-1
"وما دام امثالك يتقدمون ركب الامة، فلن ينصلح حال الامة",-1
روح انت حررها  كلم السيس يحررها يقولون إنه بطل,-1
دلوقتي اللي افتكرت تتكلم عنها يا شيخ اتلهي,-1
مش هو ده الواد الحسيني بيحاول يفهمنا انه مثقف هه ماشي,-1
العجيب فهمي هويدي ينتقد #الإمارات لتمويلها إقامة مراكز بحثية لمكافحة الإرهاب #السادة_المحترمون,0
"""انا لو منك أكتب مقال ناري عن فهمي هويدي وتسميه""هويدي والشيزوفرينيا""(:""",-1
مش لازم يكتب عن فهمي هويدي المهم انه يرجع يكتب وخلاص :),0
فهمي هويدي هو أحد خوارج العصر كلاب النار واللذين يتاجرون بالدين والدين منهم براء هؤلاء لاوطن لهم ولا دين لهم,-1
ماذا تريد ايها الحمار الابله من هذه التغريده اتفووووو عليك وعلى اللى مشغلينك,-2
الحق يا چو .. جددوا تصريح الخطابة للمعتوه برهامي 3 شهور,-1
الغريبة انك مش فاهم ان رباط حذاء فهمى هويدى بكل الأرجوزات امثالك,-1
ماذ تتوقعون من أشباه الرجال وماذ تتوقعون من إعلام تلفون العملة,-1
ولماذا انت تنتقد كل من يعمل على استقرار مصر بحجة حكوك الانسان والحيوان بطل تسخين وحرب على الشرطة والجيش ومصر منك لله,-1
ومن انت كي تنتقد الاستاذ الكبير فهمي هويدي ... لكنه يستحق تطاولك لانه خاف من بطش ديكتاتور انتم كلابه,-1
كمان الأستاذ فهمي هويدي قامة سياسية كبيرة ايش دخل الاقزام اللي زيك,-1
مقاتلات الرافال ستحلق بسماء القاهرة والجيزة فى الثانية والربع ظهرا #مصر #تحيا_مصر #السيسي,0
..هو احنا بنحارب حد ..الناس عايز شغل ...الناس كل يوم بتموت ...الله يحرقكم بجاز يا اعلام العار,-2
هتحيا ازاى ول ما اشكالك متصدرين اعلامها,-1
امك اسمها حنفي,-2
يترى حطير بحنيه علشان متزعجش حضرتك ...وما تنتقدهاش كعادتك,0
هو ده اخرهم.لكن فشل ساحق فى كل شىء خلال ستين سنة,-1
"""تحيا مصر #ام_الدنيا يارب مصر دايماً من نصر لنصر احفظ بلادنا يارب واملاها من خيرك""",0
....عسكر فاشلون ..وانتم ايها الاعلاميون كاذبون ...مش محتاجين طائرات ...الناس محتاجة تأكل ...وتشرب ...احناعندنا طائرات كثيرة,-1
"واكلنا ايه نشرب عليه ميه؟؟ اللي معاه قرش محيره يجيب سرب طيارات ويطيره!!افادتوا الشعب الجعان بأيه،علمتوهم وسكنتوهم فين؟؟",-1
السيسي اشتري الرافال وسافر في اكتر من دوله علشان العالم يعترف بدموي زي السيسي بالمناسبه انا كنت سيسي لكن شوفت طبل وقمع وزمر,-1
طبل تعيش عارض تتوقف,-1
"""الحكومة توافق على إطلاق اسم المستشار هشام بركات على ميدان ""رابعة"" سابقا #مصر #تحيا_مصر #السيسي""",0
تغير الاسامي مبيرجعش حق رابعه العدويه اسم كبير مش متسمي عشان الاخوان .. ما هو ده تمامهم ومتنسوش تقفلو محطة السادات ..,-1
"""النائب العام لم يكن محامى الشعب لم يحارب قضايا الفساد بل سيتم التصالح مع حسين سالم وعصابة مبارك هيادى انجازات السيسى""",-1
""" احاه ده بجد ؟  ايه الغباء ده ؟ وهو هشام بركات عمل ايه قدام رابعة العدوية ؟""",-2
ده الي بيسموه شغل حموات لامؤخذة,-1
ان شاء الله كده المكان سيتطهر من الرجس الأخواني بعدما حوله الأخوان الي مرحاضاً كبير لقطاع طرق وهاربين من احكام,-1
انت اهبل ولا شكل كده هو بتسميه الميدان ربنا بينسي الحق اتقوا الله ستحاسبون وهتترمي ف قبر لوحدك هتقابل ربنا ازاي,-1
قتلوه عشان يعدموا السجناء وسموا ميدان الأبطال علي اسمه ..فعلا شوية معرصين. .............,-2
احسن بالعند فى اخوانا البعدا,-1
انت اخيب مل أنجبت ماسرر,-1
عاش العرص عاش,-2
#رصد | #شاهد.. رجال دين أجازوا الجنس والخمر وسماع الأغاني,0
هؤلاء دعاه على ابواب جهنم كما اخبرنا المصطفى صلى الله عليه وسلم,0
هؤلاء رجال دين ؟؟؟!!!  شيء عجيب ... هم عبيد للسيسي فقط ...,-1
عليهم من ربهم ما يستحقون,0
علماء السوء,-1
خاف ربك يارصد لم نسمع هذا الاسفاف الا على موقع رصد,-1
عمم على رمم,-1
"""حسبنا الله ونعم الوكيل ﻻ لﻻسف الشرفاء في السجون""",0
الله يخدهم ويريحنا من اشكالهم,-1
لاهم رجال ولالهم علاقة بدين وخاصة الآديان السماوية كلها حرمت الرزائل التي يحلها هؤلاء الآدعياء ودين الاسلام اكمل وآصح دين,0
القراءن - جامع شامل - هو دستورى - اما هؤلاء الزنادقة وامثالهم سحقا لهم - سحقا,-1
#رصد | #السيسي يصدر قرارا جمهوريا بفرض ضريبة على تذاكر السفر للخارج,0
برافوا يا عرص انا عايزك تفشخ ام الشعب ابن القحبه وتخليه يسب ويلعن اليوم اللى انتخبك فيه,-2
هذا الشعب - الا قليلا - يستحق السيسي وما دونه,-1
لسنا قليلاً لكن خوفنا قاهرنا,0
السكوت له ضريبة وثمن كما ان الاعتراض له ضريبة وثمن,0
صدقت ثمن الإعتراض الموت والنفى ثمن السكوت الخزى والعار,0
ربنا ينتقم منك ياشيخ,-1
ده انت دنييي,-1
هتدفعو يعني هتدفعو,0
عمركم يااهل مصر ماراح تشوفون اكلب من السيسي نذل وحقير لابعد درجه,-1
الله بنتقم منك السيسي شوية وهايفرض ضرائب على الهوا اللي الشعب بيتنفسه وضريبة لانهم لسة عايشين,-1
#رصد | بلاغ للنائب العام يتهم الفنانة #انتصار بالتحريض على الفسق والفجور,0
القحبة لما تتوب بتعرص,-2
انتصار - لديها توكيل - خليجى - دولى - والله ما حد داخل مصر يقدر يعمل لها حاجة -,0
مستنقع زباله,-1
نعم تحريض على الفسق والقلة الادب كفانا اشكال وسخه كانت زمان تكرم بافعاله الدنيئه وكفى مصر الان السبكى وافلامه الخارجه عن الخلق,-2
دي بنت وسخة,-2
لم أكن أتصور أنّ مصر اليوم بهذه الو قاحة....لعنة الله على الليبرالية .....يا أهل مصر أفيقوا...قبل أن تحل الكارثة..,-1
اصلا من يحكم مصر ومن يحرك مصر هم الفسقه ومن يقدم مصر للعالم ويشوه صورتها اعلامها اصبحت مصر للاسف دوله منحطه بسببهم وبسبب تشويههم,-1
شخصيه معفنه,-1
ودت الزانيه ان يكن كل النساء. زواني,-2
لازم يشغلوا البقر المصري بقضايا تافة مثل حزب الزور الي يقول المراء تجامع زوجها بعد الموت,-1
"""#رصد | #شاهد | ""المصري"" بعد استبعادها: ""مرشحين صوروا أفلام إباحية واتقبلوا""""",-2
اصبري شويه حترقصي في مجلس الشوري محتاجينك هناك يا ريسه,-1
فنانة مين ياعم... هو كل عاهرة صارت فنانة وللا آيه ؟؟؟,-1
البرلمان من غيرك ملوش طعم,0
"""سما المصري بعد استبعادها . هل هي فقط من تستحق الاستبعاد؟  سمك ، لبن، تمر هندي""",0
ههههه دي دعاية انتخابية يا جااااااهلة,-1
هو علشان السيسي مبسوط معاك معناه لازم ترشحي نفسك في البرلمان,0
طارق النهرى لكن انت اوسخ منهم,-1
مخرج مشهد ٣٠ سونيا تقصد خالد يوسف تعني انه مثلها سيء السمعه خسئتي ده احلي من الشرف مفيش !!!,0
"""سما المصري كانت الأمل الوحيد للترفيه وأمتاع طرابيش مجلس النواب  سما المصري تقصد في تصريحها مخرج العري والدعاره خالد يوسف""",-1
والله حرام دي تتمنع اومال حنتفرج على مين يا كلاب,-1
"""#رصد | بعد قرار وضع صور #السيسي على الحملات السياحية.. ""فيس بوك"": عقبال قطونيل""",-1
"""وساعتها بقي هيقولوا في الاعلان #القطن_بيتكلم_بيادة :)""",-1
من صناديق الزبالة - الى حملات السياحة,-1
الجاسوس الامريكي وكل اسرائيل موشيه السيسي,-1
"""يستحق هذا الرجل التكريم المناسب له و يليق به ان توضع صوره على جميع الملابس الداخليه  نيالك يا عم السيسي....""",-1
"ايه الشرباااات ده ؟بتقولوا اي هبل في اي حته ،انا صعبان عليه الناس اللي مقتنعه بالهلفطه دى بس معلش ،قليل الحيله معدوش غير الهلفطه",-1
السيسي غايظكم ليه ياخرفان كنتو عايزين تتحكمو في مصر يا كلاب الشعب ضربكم بالجزمه ودا أقل واجب,-2
يعني دي سحنه تجيب سياحه يا ناس ؟ دي سحنه تجيب مرض بالكتير,-1
يعني دي سحنه تجيب سياحه يا ناس ؟ دي سحنه تجيب مرض بالكتير,-1
لاحول ولاقوة الا بالله,0
ابشركم ااسياحه حتتوقف نهائبا,0
"""#رصد | مغردون يرشحون ""#مرسي"" لنيل جائزة #نوبل للسلام""",0
وده وهو ماسك حمامة السلام,0
وهو نحسبه حاز شهادة صدق الإيمان,0
كان حيرفع شان مصر ولو كان موجود ما تجرا ال سعود على اليمن  . ليس لانه اخواني لا فقط لان فيه روح الحاكم العادل . مجرد راي شخصي,0
لو حرامي كان نفع مع ولاد الكلب و العرص السيسي,-2
غبي ضيع مصر,-1
ياخد جائزة الهبل فى الكلام ياشبكه زباله,-1
هو كان ممكن ياخدها بس فى الشرعية ........اكتر واحد قال الكلمة دى فى خطابه ....حافظ مش فاهم هههههههههههههههه,-1
لهى سلم على قلبه يأخد اجله هو وعشيرته كلها نوبل مين لمرسى بطيخة..,-1
هوا راجل كويس.. بس مش توصل لنوبل ..,0
ارجو ان لاينالها لأنها جائز ة مشبوهه فلم ينالهاالامن باع قضية.  دينه اووطنه,-1
#رصد | #مقالات | محمود عليان يكتب : متى يفيق المصريون من وهم #السيسي ؟,0
يفيقون  عندما يستقيل,0
لما تفوق انت من وهم الاخونه,0
لما تبطلو انقلابات علي بعضكم البعض هههههههههههه,0
"""عندما يفيق مساطيل الشعب المصري لحظتها سيفيق المصريين من أوهام العرص الأهطل أستبعد أن يفيق المصريين من حالة السٌكر التي هم عليها""",-2
ومتى يفيق الإخوان من وهم عودة الحلوف مرسى,-1
مجلة رصد و محمود عليان انتو كلاب وعندكو زهايمر السيسي رئيسكم وزاللكم وحارءكم يا خونه السيسي حابس دمكم ولا تقدرو تلمسوه يامعفنين,-2
هانفوق لما امك تبيض ياكلب,-2
كس امك,-2
معلش هو المخدر قوي كتير,0
عندما يصاب الجميع بهذا الوباء,0
#رصد | وائل غنيم يعلن عودته إلى الكتابة: سأسرد تفاصيل الـ5 سنوات الماضية,0
ربنا ينتقم منك با عميل اﻻمريكان,-1
خاف علي نفسك خلاص اخرك رصاصه بالنسبه لاي حد بيعترض علي كلام من السلطه الحاليه,-1
كلب و  ﻻ يسوى,-1
روح في داهية,-1
كما لو أنه عندة الحقيقة كاملة,0
"""ربنا ينتاقم منك ومن أمثالك  خربتها وسلمتها للعسكر بغباءك انت وأمثالك""",-1
ههههههههه هو كتب من مصر ولا من أمريكا بس شوف اهم حاجه انك تتهم الاخوان,0
عميل وانكشف  ولو راجل امشى فى اى شارع مصرى,-1
سنوات سوده علينا وانت بتنعم بالدولارات ومش فارق معاك,-1
خيانه وعماله انت اهبل صح ولا غلط,-1
#رصد | #السبكي: إمكانياتي لا تسمح لي بإنتاج أفلام دينية,0
الاباحية فقط !!!,-2
ياواد يا مؤمن,-1
"""بس تسمحلك تنتج افلام دعارة ووساخه وعري واغراء ومجون وفواحش لكن افلام دينيه  لا يعععععععع""",-2
لا نريد أفلاما دينية من سوقة ومرتزقة يحملون فكرا صهيو صليبي.. أيها السبكي سحقا لك وبعدا لأفلامك الهابطة الساقطة!,-2
متخصصون لافلام الدعاره,-2
امكانياتك تسمح لك بانتاج افلام هابطه وكلها اسفاف يامتخلف,-1
غضب ربنا باين على وشك,-1
"""ازاي واحد متخلف عامل افلام اباحيه ويعمل افلام دينيه ، ياخى منك لله ومن امثالك  اتفووووووووو  عليك""",-1
معقواله االسبكي  اكبر مخروج   في  مصر مش  معاها  سيواله انتاج فلام ديني,-1
الله يحرقك وياخدك استغفر الله حتى شكلك دعارة,-2
#رصد | قناة CBC تصف قتلى اليهود بالشهداء.. وأبو خليل: إعلام صهيوني,-1
يا جماعة هذه القناة CBC قناة مسثمرين صهاينة بإدارة مصرية,-1
القناة قدمت إعتذار عن الوصف ده ياشبكة دعارة اﻹخوان ياأنجاس,-2
"""حمارة  بتهق اخلاق الحمير  السيسية  بتاع  الرفس حمارهم الكبير  عرص سيسى مركوب الكل: يهود نصارى حتى اثيوبيا ركبته""",-2
محدش يلوم عليهم في حد ممكن يقول علي اخواته غير كدا,0
ربنا ياخدكم,-1
غلطة معد بدليل انه وصف الفلسطيني بالشهيد برده بس يا عيني الاخوان و دلاديلهم افلسوا نهائيا و مش لاقيين حاجه يقولوها,-1
ليس جديد على اعلام العار حتى اعتذارهم ان صح لدرء الرماد عن العيون,-1
خسئوا! هم معتدون ظالمون قتلة؛وعدل اللهسيدخلهم جهنم إن شاء الله!,0
اوسخ من اعلامنا مفيش .,-2
 الا لعنة الله على الانقلابيين انهم يهدموا ثوابت عشناها وتربينا عليها اجيال متوالية ان الصهاينة مغتصبون لارضنا العربية وهم قتلة!,-1
في مصر فقط: يتم استبعاد راقصة من الترشح للبرلمان لان الرقص دليل على سوء السلوك و بشكل كبار اللصوص وعملاء الامن قائمة انتخابية تفوز بالاغلبية,0
عملاء الأمن يا حقير؟ لو عملاء يبقو تبع أجهزة أمن بلدهم.. إنت تبع أجهزة أمن مين يا حقير؟ أمريكا ولا فرنسا ولا ولا؟,-1
بقولك ايه يا مدام نفرتاري ممكت تقرقشي جذر حالتك هتتحسن,-1
"لا أقرقش أمثالك يا حقير وأمثال الكداب علاء وحالتي كدة بتبقى فل، غور بلوك",-2
إذا كنتى امرأة فأنت اقذر واغبى النساء,-1
"لازم تقول كدة يا حقير، ان كنتو بتحتقر مصر نفسها مش هتحتقرو اللي يدافع عنها..اتفووو بلوك",-1
الرقاصين احسن من المعرصين,-2
زعلان عليها دى كدة هترقصلك لوحدك . الشعب شبع رقص خلاص وشبع تدليس وخلط للحقائق وكذب لتحقيق مصالح شخصيه البلد بتنضف ولسه هتنضف !!!,-1
"و ليه مكتبتش عن رفض اوراق احمد عز ولا انت بتلعب على أجندة الحريات يا عميل ، اللي زيك ما يستاهلش يشم هواها اساسا",-1
"كلام ملتوي يراد به وصم المرشحين بما لا يمكن إثباته ، مجرد محاولة إتهام بدون معنى .. عيب عليك انت مفروض اديب",-1
عيلاء متكيف هناك ونايم على بطنه وسايب شوية خولات يشتموا بداله اقولكم خليها تاكلكم يا علوق مصر مش حترجع لورا يا شوية شواذ,-2
العدالة ﻻ تتحقق بتخفيف الظلم جزئيا وانما بازالة اسبابه.مبروك للمفرج عنهم ولكن ماذا عن الاف المعتقلين ولماذا الابقاء على قانون التظاهر الباطل,0
والله يوم ما يسجونك لوزع شربات علي البلد كلها والله ربنا يريحنا من اشكالكم دي للابد يلعن يناير علي مجايبها مع اني نزلت فيها,-1
اخرسي ياقحبة يابن الزنا والعهر والشرمطة,-2
كس ام دين امك يا حودة,-2
هتعيش عميل وتموت حقير,-1
مش احسنوما يعيش قواد زي ابوك يبن الزنا والعهر,-2
انت اكبر عميل ضد الوطن ياريت يعتقلوك انت ونرتاح منك,-1
الاسواني اشرف من امك النجسة يابن للنجس,-2
"فلتذهب إلى الجحيم أنت وكرمان وأيمن نور وحمزاوى والمرزوقى والبرادعى وكل من يسير فى ركابكم ومن هو على شاكلتكم ، يا لئام مصر",-1
"انت توهمت انك كاتب والمعلوم لدى الجميع أنك سارق ، خائن تخون وطنك من أجل حفنة من الدولارات ، ياحقير ، تأكل على كل الموائد",-1
يسقط حكم العسكر,-1
الامنجية و المرتشون والفاسدون و القتلة والجلادون..كلهم يؤدون الحج وتنهمر دموعهم خشوعا.الدين عندنا مجرد استيفاء اجراءات منفصل تماما عن السلوك,-1
ياريتك تبص فى المرايا وانت بتقول الكلام ده,-1
"انتم من اكتر الناس حاربتو وجود اي مظهر سلوكي حقيقي للدين في حياتنا ووصلتو الرقاصات لابواب البرلمان ،،وخليتو الدين فعلا علي ورق",-1
لا تحزن لا تيأس .. حين ينتهون سيأتى الدور على المهيجون والمعرصون والتافهون حينها ستجد دورك وفى المقدمه...,-2
نقطنا بسكاتك.وعقبالك,-1
حضرتك كده هاتزعل الامنجيه واللصوص وكل ولاد الكلب دول مننا.. هايرجعوا فاكرين ان الحج طهرها... والبور بتاعهم هايعلي علينا,-2
"لكن مرسي لم يكن كذلك و خرجتم عليه، الا تشاطرني الرأي أستاذي المحترم؟",0
خليك عندك ياخول,-2
ياشيخ روح انت وافكارك القذره ده حتي كلمة دكتورخسارة فيك الناس اللي زيك افسدواكل حاجة حلوة حتي التوبه هتدخل فيها,-1
المفروض إلى زيك ميتكلمش يا خاين يا عميل يا ابو قصص قذره,-1
انت منافق,-1
الحكومة المصرية تسعى لاسترضاء اهالي الضحايا المكسيكيين الذين قتلتهم لكنها تتجاهل الضحايا المصريين .المصري ديته كم الف جنيه وعمرة للوالدين .,0
هو حضرتك مولود والتعريص في دمك ولا هواية وكبرت معاك ؟انت مش شايف إن الناس كارهة ريحتك يالولو ؟بس مسيرك ياملوخية تيجي تحت المخرطة,-2
انت ليك وش تتكلم يا أقذر شخصية فى تاريخ مصر,-1
ولعها ولعها سعللها شعللها جاين في اي نصيبه وخلاص جتك القرف,-1
"""ماتخرس بقى ياسى عيﻻد ماحدش طايق وشك خﻻص،،،اتفو ال وانا اللى كنت بسمعك وقت مجيده العره؟ كنتو مففلن""",-1
هو انت مش مصري زينا ولا اة خاين وميهكش البلد المهم عندك الكلام الفارغ  امك عند امها,-1
طبعا انت عارف ان معظم المكسيك اخوان فمثلا عندك خوان كارلوس وخوان مانويلا وخوان لوبز ومعظمهم كده :),0
"""يا راجل كله فدا البلد فييين أيام أتوبيس المدرسة بتاع مرسى وكان شايل كراسته ورايح مدرسته الأدب حلو مافيش كلام  #وديتونا_ف_داهية""",-1
ايه الجديد ما دا العادي !!!!! وطن مليان بالعفن,-1
اتفرج علي الابراشي . بيشحتوا شحاته حقّهم  بمذله وانكسار . موت وفضيحه وجرسه . خساره علي شعب رخيص و محدش رخصه غيره,-2
خلاص ياعلاء دورك انت وأمثالك وأسيادك انكشف خلاص يانخبه يامأجورين.روح اعملك طقم اسنان اكرم لك ولا نسيت المهنه,-1
الدستور الحالي يمثل ارادة الشعب الذي وافق عليه باغلبية كبيرة.لايجوز تعديل الدستور الا بواسطة نواب الشعب عبر استفتاء جديد.هكذا الدول المحترمة,0
"""لكن يجوز الغاء الدستور بأمر وزير الدفاع وتصفيق ""المثقفين""""",0
قصدك اغلبية الرقاصين اللى نزلوا رقصوا وطبلوا قدام اللجان,-1
"""مصدق أنت المسلسل ده 😂😂😂  الأن نحن في عمارة يعقوبيان   وأنت وآمثالك يتعمل فيكم الأحا""",-2
طيب سؤل للأخ عولاء يعقوبيان الدستور اللي اتعدل ايام جماعة الخرفان دة مش كان بموافقة امك ولا يا شوية معرصين متتكلموس في شأن مصري,-1
يادكتور هيعدله بطابور من المعرصين الأوساخ تجار الوطنية,-2
بس ياحرامي الروايات خليك بره مصر تتلقي تمويلك ياقذر ياوقح,-1
تسقط أنت وانقلابك العفن .,-1
مرحبا بيك في اوسخ دولة في العالم يا دكتور علاء اتفضل نورتنا والله,-1
اتنيل جتك نيله هو انت لسه عايش وتلقط كلمه قالها رئيسنا وتعلق,-1
"""البلد بلدنا والدستور بتاعنا نغيره نعمله اراطيس لب  نطيره نحطه فى خرمك انت مال اهلك""",-2
مشايخ الوهابية يصرفون الملايين من اجل نشر الحجاب والنقاب ولا يفعلون شيئا لانقاذ اللاجئين السوريين لان خوفهم من جسد المراة اكبر من انسانيتهم,0
اول مره تقول حاجه صح يا بن الوسخه يا شاذ,-2
"""بزمتك فى بنت محترمه تقول لواحد اد ابوها ""يابن الوسخه يا شاذ"" يا مدعية الفضيله يا خضرا الشريفه""",0
مين قالك انى مدعيه الفضيله يابن المتناكه علاء الاسوانى بن مره وسخه كمان,-2
"""شتمت وبعدين عملتلى بلوك عشان مشتمهاش حاجه اخر وساخه تربيه وسخه صحيح معلش يا دكتور متضايقش نفسك""",0
وأنت ابن العلمانية دعمت وشاركت بمقالاتك في قتل المصريين في شوارع وميادين مصر.. صحيح ولا لا.. أنت قاتل أيضا,-1
و ما علاقة العلمانية بما فعله عبدالفتاح؟ و ما علاقة علاء الأسواني بالحريمة التي ارتكبها الجنرال؟!,0
أنت يا لاعق جزم القتلة انزي و اصمت,-1
مافي غيرك يحكي ياحيوان انت وسيد ك البيادة  السيسي انتو شو قدمت لسوريا غير الدعم بصواريخ صناعة مص يا بس تفو عليكون كلاب والايام,-1
نت واذنابك تصرفوا ملايين الدولارت لأجل نشر الشرك,-1
الشرك؟ هل تسمي الأدب و الروايات شرك؟,0
بعد المجهود الذي بذله اعضاء مجلس حقوق الانسان في تقرير اكد ان معاملة السجناء في سجن العقرب ممتازة . اليس من حقهم زيادة مرتباتهم من الحكومة ؟,0
"""عايزين نحجز لينا أسبوعين في #العقرب طالما حالته احسن من الفنادق  وأكيد اللي بيموتوا هناك دا من السعادة #تحيأ-مصر""",0
وياريت ندعي لتوحيد مذاهب الترفيه بين الشروق والمطريه وبورتو العقرب على مذهب أنون أباسعده,0
ايها  الثقيل الرزيل العسير علي نفسك واهلك ان وجدت اللجنة مخالفات اهنت بلدك وان لم تجد طهقت من ربك ماذا انت النار تأكل داخلك,-1
ان لم تفعل لا نصدق انك انت اعتدنا منك مخالفة ع طول الخط يبدو انك رضعت من خبث وتربيت ف اسوء بيئة صنعوا منك كرهاً ونفورا. صرفك ربي,-1
صارت ملامحك بلون غباءك وغارت بؤرالرزالة ف جبينك تنفر منك كل خلقة اللهم احمينا واهلينا مما ابتليت به راغماً لا مرغما فالسماجة عشق,-1
عقبال لما تشرف فيه قريب ..ده مكانك الطبيعي ياخاين ..ياكلب الاخوان,-1
امك يا اهبل,-1
و أليس من حقك زيادة مرتبك من اللي مشغلينك؟,0
اقل حاجة تتقال لك انك راجل معرص برخصة,-1
"اعتقد ان المشكلة مش فى السجون ، المشكلة فى أماكن الاحتجاز قبل العرض على النيابة يادكتور علاء",0
"""رواية ""نادي السيارات"" تحصل على المركز الثالث في أفضل عشر روايات صدرت في أمريكا هذا الشهر التفاصيل""",0
ما خلاص يا علاء عرفنا - ارحم ديك ابونا بقا,-2
ديك بلدى ولا مستورد ولا رومى هو الكيلو بكام دلوقتى ههههههههههه,0
ديك بلدي يا حنان - ما تيجي يا حنان و نجيب سامي عنان - أموت انا,0
انت خنزير وحيوان يا علاء بالمعرض,-1
انا كنت شاكك انك خول الحين اتاكدت انك كنت بتتناك وانت صغير والله اعلم ممكن تكون لازلت  لان شكلك باين عليك انك شرموط  اختفو عليك,-2
انت معرص. ابن وسخه يابو وحمه سأعرض تشكك في كل شيء الجيش والشرطه والقضاء والطب الشرعي يا خنزير,-2
تفتخر مصر ابنها الأديب علاء الاسوانى شكرا لة دليل على ابداع وفن أصيل ومعرفة أدبية يقف العالم أمامها باحترام وتقدير لمصر العلم,0
اتكلم عن نفسك ..عيلاء مين ده الي بتفتخر بيه مصرده مجردرد طفيلي حقير ولاادب ولافن ولاوطنيه ولا حاجه خالص ..,-1
هو انت ليك عين لسه اتغرد طب احنا عيال وجداد على السياسه انت ينضحك عليك ازى فى سنك ده وتتلخبط ولسه بتغرد بع كل الاعدامات استحى,-1
مبروك يا علاء تستاهل كل خير ولو ان انضحك عليك زى ماانضحك علينا كلنا وخربنها وقعدنا على تلها طلعنا كلنا عنب وارجوزات,0
الحكومة تتسبب في غرق الناس باهمالها وفسادها ثم تترك جثثهم في النيل ضغطا للنفقات واذا اعترض اهلهم قمعتهم الشرطة.الحيوان لا يستحق هذه المعاملة,-1
وأين أيزنهاور مصر يا أسواني؟  هل كنت ساذجا أم غبيا,-1
#مصر أيها المثقف المتلحف بـ قيم زائفة ؛ لقد طبختم السُم كي يتجرّعه #الإخوان فـ تجرّع الوطن بأسره ما طبخت أيديكم...,-1
ولماذا نزلت وأيد الأنقلاب العسكري  ولا عشان لم تحصل على ما كنت اريد,-1
ما انت عارف ان ده حكم عسكرى و اذا حد اتكلم البياده في بقه,-1
الحكومة تتسبب مش السيسي لاحظ انك جبان ومن النخبة المعفنة,-1
اللهم إن رجال النظام في قد طغواوتجبرواوتكبرواوفجرواواغتروابقوتهم ونسواأن القوي الجبارموجودفخذهم أخذعزيزمقتدروأشف صدورقوم مؤمنين,-1
فلتصمت أيها الحقير العميل لا يصح لأمثالك من الذين طبلوا لمرسي أن يفتحوا فمهم .. أبدا,-1
ايه الادب دا كله يا شرموط .... لسانك كان 10 متر ايام مرسي ودلوقتي قفاك 10 متر والجزمه فوق دماغ ابوك,-2
اري انك من الأرذال وانك عاشق سئالة وتري بعين اعور خبيث,-1
 إحترس فقد يضعون فى مؤخرتك أشياء أهونها عضو ذكرى,-2
كل الثقافات على مدى التاريخ عرفت بشرا فاسدين ونصابين يتظاهرون بممارسة الدين من اجل خداع الناس.مشكلتنا في مصر ان معظم الفاسدين متدينون فعلا,-1
يعني السيسي متدين !!,0
"""لا دة هو قايل كلمة معظم مخصوص عشان السيسي 😂 و متاكد طبعا ان علاء الاسواني مش موافقني الرأي""",0
ربنا ياخدهم هم الاتنين,-1
وياتري سيادتك متدين فاسد ولا متدين متلون ولا كل اللي انت بتقوله لزوم السبوبه والعيشه المرحرحه,-1
على الاقل كان فى حريات كنت بتقول مرسى ديكتاتور  الى هو ازاى ان ديكتاتور يسمح انه يتقال عليه ديكتاتور سللملى على ايزنهور مصر.,0
والعملاء بالعلن وبالفم المليان مع اليهود. اعلامكم وقيادتكم,-1
"""طب هما خداعونا بأسم الدين أما أمثالكم خدعونا بأسم ايه  همج رعاع اتباع كل ناعق""",-1
"انت وصلت فيك الحالة انك تكتب بالرموز والتشفير والتلميح، وين صراحتك وجرأتك في عهد مرسي، اللهم انتقم من كل كذاب ومنافق،",0
وانت لا دين ولاضمير,-1
بطل  كلام لانك  منافق والناس كانت  مخدوعه فيك تعرف المنافق  عند الله فين  في جهنم,-1
دائماً ماتكون البدايات صعبة... اما أن تنازع لتصل...و اما أن تبكى لانك بدأت.,0
في الاول كنت احبك لكن دلوقتي خلاص,0
تسمحلي  اقولك انت راجل حمار,-1
وبن وسخه وكلب وعدو  الإسلام والمسلمين,-2
جدع ياعرص علي امك زمان ودلوقتي علي مراتك ياابن الشرميط يااخوالشرموطه انتا امك اتناكت لمه شبعت من زواج المتعه ياابن المتعه,-2
ارجع الى اصلك لا تكن مغرورا ومتكبرا ومتسلطا يا ابراهيم عيسى,-1
أنت شخص متكبر ومغرور وسفوسطائي وفقدت الكثير وستفقد,-1
هو انت هتتهد امتى و تحل عن الريس عشان قرفنا و جبنا اخر منك و من اللى زيك,-1
عبيط ده ولا ايه,-1
"""وإما إن ربنا ياخدك وياخد أمثالك وستبكي على أ إننا تأخرنا في الدعاء عليك""",-1
"احنا ماشيين باتجاه وضعين مالهومش تالت اما الوضع السوري او الوضع الليبي، الشاطر يخلع عالبدري",0
<الْحَمْدُ لِلَّهِ الَّذِي أَنزَلَ عَلَى عَبْدِهِ الْكِتَابَ وَلَمْ يَجْعَل لَّهُ عِوَجَا>,0
"انت لا تمثل الشعب المصري الشقيق والعريق بقلوبنا منذ القدم، تصرفك وتهورك الخالي من الحقائق فضحك يا مرتزق ي عميل سحقاً لأمثالك",-1
العوج في الايه لو فسر هو ماتفتروه ع الاسلام والمسلمين ياكدابين .,-1
ده برنامج آيات مشترك فيه يكتب كل يوم ايه على الحساب الي زي ده ميعرفش ربنا ابو حمالات,-1
ربنا ياخذه ويريح مصر فيه ...,-1
لا تنجس القرأن بلسانك ايتها العرص,-2
انت خنزير ابن خنزيرة,-2
من اكلك الخنزير ماتت رجولتك واصبحت ديوث. لاشرف لك عليك من الله ماتستحق. نتمنا من الله ان يفرحنا بقبول دعاءا المسلمين عليك,-2
يا نجس أنت أعوج خلق الله يا عرص,-2
لانعلم كيف لا احد يرفع عليك قضية في التحريض ع القتل مانراك الاداعما للعنصريه والقتل والفرقه لابناء مصر .رامي جان تحيه,-1
يا ابو شنب يا وطواط اقول لك كلمة واحدة لتطاولك علي الشيخ الجليل احمد ديدات انت يا ابراهيم يا عيسى انت العن شيء,-2
"""#إبراهيم_عيسى يكتب :عن الأحزاب التى لا تتحزَّب  فى مصر ٨٤ حزبًا..  هل تشعر بها؟  ما أقرب حزب إلى بيتك؟ لا أقول...""",0
"جميل،ولو كانت الأحزاب قوية و واقفة على أرض صلبة مكنتش عملت تحالفات،افتكرت كنت بتسأل أحمد هو مين الحزب الجمهوري ده يا أحمد :)",0
٨٤حزب والله العظيم أنا مأعرف غير ٣ أحزاب أسف أقصد أسماء ٣ أحزاب,0
حزب امك  يا ابن المثاليه,-2
يا فرحتي بالمصري ٨٤ حزب كلهم احزاب  زي خبتها,0
مبارك علم عليك وع الابراشي وبكري ومرتضي ومازلتم في غيكم!! سدنة للظلمة!! أيها الساديون!! السادية اسلوب حياتكم,-2
الحقيقة انا من الصعيد وبالتحديد قنا وعمرى ما شفت حزب سياسى ولا حسيت بة ههههههههههه,0
"""لبناء مستقل سياسي حقيقي لمصر بعيدا عن الاخوان والمتلونين والمتحولين والمنتفعين تابع""",0
استاذ ابراهيم يحب التركيز علي الحركه الالتفافيه التي يقوم بها الاخوان عن طريق حزب الوسط وعدم الوثوق بمراجعاتهم فهم كاذبون,-1
حزب كسمك يا معرص,-2
طلما فى واحد ابن ورمه زيك كلب للخونه وصهاينه العسكر فى مصر عمر ماحيكون فى معارضه -احزاب او ديموقراطيه كتكو الارف مليتو البلد,-2
"ارتفاع ضحايا حادث الأقصر إلى 20 شخصًا  علن أبو النجا الحجاجي، مدير مرفق الإسعاف بالأقصر، ارتفاع عدد ضحايا حادث...",0
تعرف الحمار المخطط ابيض واسود?  سبحان الله الخالق الناطق يشبهك  بس الحمار حر وانت عبد خوفوك بتوع الشقه اياها صح?,-1
عقبال لما نسمع خبرك في حادث والبلد تنظف من امثالك,-1
اقرا هذا المقال المختصر يا عيسى -عسى الله ان يهديك صراطا مستقيما,0
والله بومه,-1
يافاشل. يا حملات. والله اجهل أهل الارض انت ومن على شاكلتك,-1
اللهم ارحم موتانا واهدى سفهاءنا,0
فين السياسين يا عيسى فين التحالفات الل هتقود البلد وتحقق مصالحه حزب النور المتطرف وفلوس ساويرس وعملاؤه ,0
واضح إن حبيبك وربيب نعمتك ياهيمه تفوق على مرسى  فى وشه النحس,-1
خخخخخخخ بومة العرص,-2
أنت بندفعلك راتب من المخابرات الأمريكية أيها العميل لتشويه الدين أنت ستقتل برصاصة قريبا أو دهسا وفرما انتظر قريبا,-1
مليووون مبروووك للجزائر .مليووون مبروووك للعرب.,0
السيسي وشه حلو ع الجزائر مبرووووووك,0
متنساش 6 ل 1 لصالح غانا في عهد العرص هههه,-2
اسكت يا منافق,-1
انت عربي زينا ولا ايه ياخربيت امك دانا مفكرك صهيوني يابو حمالات يابو كرش يازبالة المجتمع اتفوووو عليك وعلي اللي جابوك,-2
لوووووووووووووى عقبال عندك يا حملات يا منافق,-1
"كلامي لعبيد البيادة  تعطون من طرف اللسان حلاوة وتروغون كما يروغ الثعلب ، موتوا بغيضكم",-1
مرسى لما كان بيروح بلد كان بيحصل فيها مصيبه .. ولما السيسى راح الجزائر عملوا انجاز كاس العالم  .. مصر نضفت يا اخوان,-1
في عهد مرسي مصر لعبت كأس القارات وكذلك الأهلي ولما جاء العرص إتهزمتم ب6 ل 1 مع غانا,-2
لسنا في حاجة لتبريكاتك أيها الانقلابي,-1
"ابراهيم عيسى انسان زباله ولا يشرف اي احد ان يشجهه، روح شجع مكابي تل ابيب احسنلك يا خول",-2
#ابراهيم_عيسى يكتب :  كهنة الهراء وسفلة الأفكار النبيلة,0
البلد دى حتفضل وسخة طول ما حنا بنتابع نتاءج حزب الدستور اللى مالوش وجود على ارض الواقع ولا شعبية وبيعينو البرادعى رءيس,-1
أستاذي الرائع احبك وأرجو الا يخيب ظني فيك كما خاب في الكثيرين,0
"""اين المخلص اين المخلص خالد داوود بيقول شرفنا بتويتة من البرادعى النهاردة اه يا خونة يا اوساخ اه""",-1
واناس مشهورة منفصلين تمام الانفصال عننا كشعب .,0
شرفى . الشعب المصرى المغيب واعلامه الجاهل المتعمق فى الجهل بيتنصب عليهم باكبر كدبة فى تاريخنا كله. هراء فى التليفزيون,-1
بصفة عامة .. إبراهيم عيسى وطني و مثقف و شجاع و غير تقليدي و أستاذ بجد و طبعا دمه خفيف .. بالتوفيق دائما,0
يا ريت يا استاذ ابراهيم تبقى تعلق على اللى بيحصل فى الاعلام وتكون لازع فى انتقادك ليهم زى ما بتعمل مع بتوع تويتر والفيس,0
أشكرك يا أستاذ ابراهيم. انت الوحيد اللى بتحسسنى أن انا لسه بعقلى,0
هوﻻء ناس ﻻيوجد جديد اوفكر مﻻئم لحياة الناس كلهم عبيد اﻻعﻻم و السلطة هل عندهم حل لمشكلة الطاقة او النيل او التعليم او فى الطع,0
ويكتب ايضا كهنة الاعلام وسحرة العقول الساقطة,0
"إبراهيم عيسى في شهادته.مبارك مسؤول عن كل قطرة دم.ولم ولن أقول ان جماعة 6 إبريل خائنة أوعميلة، أنا قلت إنهم شباب وطني",0
انت من اول الناس الذين كنت احترمهم والمصيبه اني اكتشفة ان مفيش حد محترم انا كنت اهبل وعبيط,-1
وانا كمان ده انا اتربيت علي افكاره ومصدومه صدمه عمري,0
اهو طلع براءه تفضل يا الحر قول كلمتك ولا خايف السيسي يسكتك زي مااخرصك قدام الناس انت لا راي لك قول مايقوله وشوف مايشوفه,0
وحياة امك صحيح طب ماانت قولت ان الاخوان اهم فصيل سياسي وبعد كده قلت ارهابيين انت اكبر منافق ياكلب يابن الكلب يازبالة,-2
لا يااستاذى مبارك ماقتلش مصرى واحد قتلهم الارهابيين وكان مكافئتهم الحكم و ستة ابريل ساعدوا وقبضوا,0
سقطت الاقنعه يا ابوحمالات,-1
اتق الله قلت عنهم قطيع زي قطيع الاخوان خرفان يعني قطيعه تقطع لسانك إن قلت ماتخفش وإن خوف ما تقلش صعب ركب سوسته لبؤك .,-1
بس إنت حقير برضه,-1
نطالب الحكومه بسرعه اصدار قانون الغاء الاحزاب ذو المرجعيه الدينيه مثال:(حزب النور الملعون وما هم على شاكلته,-2
ايه اللي يخلي مهندس زيي او دكتور او اي مهنه تاني يسيب بلدو و يتغرب مع ان بلدنا فيها خير كتير,0
الإعلام الغربى يخلع ملابسه - إبراهيم عيسى - التحرير,-1
الاعلام الغربي اشرف منك وليس منافق...يا متلون,-1
الامنجى  ابراهيم عيسي اتفووووووة,-1
يا استاذ ابراهيم عيسى  رويترز يمتلكها روتشيلد ..المتحكم فى المخابرات البريطانية.....,0
يمكن عايز يركبك !! يامخنث ياعرص,-2
انت اللى بقيت ملط ... وبكرة الثوار هيقلعوك ملط ياراجل يا نلط,-2
والاعلام المصري عريان من زمان,-1
ومتى تخلعون الكذب والنفاق عن وجوهكم,-1
اه ياكلب ياعدوو الاسلام ياشيعي يانجس منافق,-2
وانتو اعلام عاري من زمان يا اعلام العهر والكذب,-2
ربنا ياخدك يا بعيد و ينظف العالم منك و من امثالك...خاف ربنا يا من اشترى دنياه بهوى غيره...ربنا يورينا فيك يوم يا منحط,-2
كل عام وأنتم بخير..عيد أضحى سعيد :),0
العيد الجاي ندبحك يا خروف,-1
حسبى الله ونعم الوكيل فيك,0
نسأل الله العظيم ألاَّ يعيد هذا العيد على امثالك من اعداء الاسلام وان يعجل بهلاكك وهلاك من هم على شاكلتك ياكلاب الاعلام,-2
وانت بالف خير,0
كل سنة وحضرتك طيب :) ,0
ساويرس عارف انك ملحد وجاهل وراضع خرا! ساحبك زي الخروف علشان تشخ في عقول المصريين!!,-2
أسأل الله تعالى أن يبتليك بأمراض لا تعرف لها علاجا ؛ وتكون عبرة لكل من تطاول على الاسلام والمسلمين ؛ أخزاك الله وأذلك,-1
التهنئة تكون للمسلمين  اللذين لايعادون الاسلام ويشوهون صورته وأهله؛ أما أنت فقد بعت دينك بغرض من الدنيا؛إلى جهنم وبئس المصير,-1
وانت طيب يا حمار,-2
انت بتتكلم فى الدين ليه ياض يا جاهل,-1
"""يوم 16/9/1931--.اعدام أسد الصحراء عمر المختار  في صباح الأربعاء  16 سبتمبر 1931، اتُخذت جميع التدابير اللازمة..""",0
"رحم الله الشهيد، ذكري الوطني الحر تبقي في القلوب و ليس المدعين عملاء امريكا الذين تراهم علي الساحة يتطاولون.",0
وهذا سبب عدم وجود برلمان حتى يسهل له تمرير كل مخططه؛بالله هل هذه دوله أو هدا رئيس؛كل ذلك وأنت تطبل لانك بدون وطنيه وضيع,-1
"""أنت الذي شارك في إفسادمصر وسعى في خرابها وسفك دماء شعبها سيأتي اليوم الذي تحاكم فيه وينتصرأهل الدم منك ومن الذين على شاكلتك""",-1
انته اخر واحد يتكلم عن الشرفاء والرجال مثل عمر المختار  انته خليك مع السيس,-1
"""عمر المختار لا دخل لك فيه ياكلب الغرب ياعميل أنت إنسان قذر وابن وسخه أنت قيمتك تنضرب على قفاك بالصرماية ياصرماية""",-2
عملت قناة التحرير وعملتلك كام مليون  وبيعتها طلعت محجوب عبد الدايم للاسف بتقوم بدور مصطفي البقري,-1
طلعت بتدور علي فرصه تبيع نفسك فيها لحد ما وصلت وبقيت نسخه من سمير رجب وابراهيم نافه وابراهيم سعدة,-1
ابراهيم عيسى لعنة الله عليك بكل كتاب ياخنزيريانجس ياصهاينة العرب انكشفت وجوهكم يااولاد القحبة لااستثني منكم احد عصابة الخنزير,-2
الى صدقي صبحي وزير الدفاع والى قادة الجيش والشرطةالجبناء الخنازير الخونة خدام اسرائيل ,-1
ابراهيم عيسى لعنة الله عليك بكل كتاب ياخنزيريانجس ياصهاينة العرب انكشفت وجوهكم كلاب,-1
"التغريدات السابقة من سفاسف الأمور لهذا الأسبوع، وبها حديث عن أوبريت السيسي وماء المريخ ومديحة كامل والبتنجان المقلي",0
مديحة كامل اشمعني؟؟؟؟ بس مقال رائع,0
دى اجابه على سؤال حضرتك الأهم لماذا عقمت النساء ان تنجب مثل مديحه كامل ؟,0
"""لسة عاملي حظر من أيام مصايب المجلس العسكري.. راجع وشيل الحظر احنا في نفس المركب دلوقتي""",0
لكي الله يا مصر,0
لو الدنيا سوده فى وشك كده ومافيش حاجه عجباك روح بلدك قاعد هنا ليه!!!,0
هو قد كده السيسى حارقك,-1
ايه المجارى اللى بتخر منك دى. اول مره اقراء لك حاجه  للأسف لقيتها زباله,-1
خليها تاكلك يا خروف وكل ما تاكلك أكتر حتتكيف أكتر يا عرص,-2
طيزك قرعة يا ابو شخه,-2
اوبريت امك يا بلال يافضل وعقبال لما نعملها اوبريت فى اليمن,-1
"""كثيرون لديهم مشكلة في ارتداء ملابس ""نُص كُم"" أمام رئيس الجمهورية، لكن ليس لديهم مشكلة أن يكون الرئيس نفسه ""نُص كُم""""",-1
ياراجل  المهم  شلنا مرسى والاخوان,0
بكل معانى الوطنية نحبك ياريس والعار على بتوع السبوبة ,-1
مش حتخش مصر تانى ؟؟؟؟؟؟؟؟ والسيسى رئيس محترم ويا ريتك تتعلم مخاطبة الكبار وكله من منى الشاذلى هى الا قدمتك,-1
"وانت بتعرص للسيسي يا كلب ،،",-2
""" ايه رئيك يا اعلامى على متفرج نعمل مجلس رئاسى  به جميع الاطياف ملط واسبور ونصف كم وكم وبلوفر وبدلة""",-1
ماهو العيبة اذا طلعت من أهل العيب متبقاش عيبة,-1
ايه يا عم بلال قلب جمد تاني ولا ايه؟,0
خليها تاكلك يا خروف وكل ما تاكلك أكتر حتتكيف أكتر وأنت عايش في بلاد هيصه حتلاقي اللي يكيفوك كتير هناك,-1
انت عديم الرباية ومش متربى وخسارة اللقمة الى بتاكلها هنا على ارضنا يا لاجىء يالقيط ياعديم الاهلية,-2
بلاش غلط انت المفروض الى تعلمنا الاحترام يا كابتن,0
"ما لم يتم حذفه من الحلقة التي قدمتها عقب وقوع مذبحة ماسبيرو في قناة التحرير، لكي لا يتم محو الذاكرة كاملة",0
الحقير #بلال_فضل بعد ما ثبت كدبه تقريبا في كل الأحداث وحتى كدبه ف معارضة الاخوان اللي شغال عندهم دلوقت لسة بيكدب ويكدب,-1
مفيش قبل ولا بعد الحقلة دي.,0
فاكرها كانى شفتها امبارح كنت موجوع يومها ولازلت,0
وضح تماما ان اصلك واطى,-1
ماتعلي صوتك ياعم بلال . ولا علشان الكلام مافي سيئ الذكر ولا الاخوان بتوشوش نفسك وخايف . صحيح انت راجل كبرت ومش وش بهدله ولا سجون,-1
انتوا محشورين ف منطقة لا محل لها من الإعراب أساساً ... هتستفيد بإيه يعني مين اللي بدأ ولا مين اللي اتقتل يخرب بيت الهطل !,-1
هذا المجرم يمني الجنسيه,-1
انا.عاوزك.تريح.نفسك.الي.حصل.مش.هيحصل.تاني.يا.ابو.الكلب,-2
الجيش.تاج.علي.راسك.باكلب..يا.ابن.الكلب.,-2
ملعون.ابوك.يابﻻل.فضل.يا.واطي.ياابن الواطي.,-2
"""الملائكة لم تحارب معنا في ستة أكتوبر!  مقال اليوم مع التحية  وتأمل في ظاهرة توظيف الدين في خدمة الأنظمة""",0
"""احساس عظيم وانا اقرا الكومنتات على اي منشور او مقال من الي بتنشرهم! مستويات عجيبة من البشر""",0
يابن المهروشه ايه اللي عرفك يامعفن,-2
هو انت أصلا مؤمن بالملائكة,0
ليس من باب النكد ولكن من باب تأمل قدرة الله كم كانت مكانتك في عهد الديكتاتور مبارك والآن ولا كلمة ولا نفس محدش عارف الخير فين,0
الملائكة لم تنزل لا في حرب ٦ أكتوبر و لا في عهد النبي و لا في أي عهد آخر. كل هذه المرويات لا تتعدي كونها خرافات.,0
"""يارب مصر تنضف من اللي زيك انت وعلا الاسواني جاتكو القرف  الواحد بيضرب نفسه  ميت جزمه ازاي كنت بقعد بالساعات اسمعلكو""",-1
ماشي بس ياريت يا استاذ بلال يكون فيه ثبات علي المبدأ ولن ازيد,0
المشكله مش ف الي بينشروا الخرافات والجهل المشكله ف الناس اللي بتصدق . طول مافيش تعليم ووعي هنفضل ملطشه للناس دي,0
تمام بس المشكلة انه حشر الشيخ الشعراوى فى الموضوع ومكنش موضوعى ولا امين ولانه مش موافق عليه فصنفه.ممكن اكون غلطان,0
انت جميل يا بلال. بس خلاص,0
"""جمهورية الخوف الهزلية!  الجزء الثاني من مقالي بالأمس: (حروب الجيص الرابع) ومناقشة لظاهرة توظيف الخوف الجماعي""",0
كفاية رحتك طلعت,-1
يا واد يا ثورى يا مناضل انت ..الله يرحم لما كان بيلعبك أمين شرطة...فاكر مقال السيد حسن نصر الله اللى كتبتها بالأمر ياد ياثورى,-1
اهلاااااااااااااااااا ازيك يا بلبلي ليك واحشه انت رجعت الشغل تاني؟ اصل انا دايما بمدح فيك واقول انك من افضل القوادين يا بلبلي,-1
أجمل مافيك يابلال انك بتكتب اللى تعتقده ولاتلتفت للسفلة اللى هايعرفوا مدى اخلاصك لما هايلبسوا فى الحيط,0
يا اخ بلال قرفتونا بشعارات كاذبة لا تمس الواقع وبدل ما تتكلم عن الخوف السياسى تكلم عن شىء يوفر للغلبان قوت يومه,-1
واضح إنك راجع وجايب آخرك بمقالات عميقة عن الدولة العبيطة .. عايزين بقى مقالات في مستوى وزير التعليم المصري,0
خانك التعبير في العنوان.. عيب ويفتقد للذوق واللياقة الا لو كنت بتخاطب عقليات معينة تتوافق مع هذا الشطط,0
انت سافل ومنحط ..قواد ومن تكتب لهم ويعجبوا بسفالة اهلك وانحطاطهم بهايم زيك  روح ياشرموط بلدك هى أولى بك مالك ومال مصر يا واطى,-2
بالمناسبة تحبو تتعشوا اية بيرسيم ولا علف وكسب ....يابهايم,-1
يامواشى المقال دة للبنى ادمين بس اية اللى مدخلكم هنا يلا الى الحظيرة     الى الحظيرة,-1
"في النهاية صفصف مشروع الوحدة العربية على مذابح جماعية ودول محكومة بعصابات فاشلة، وصفصف مشروع أستاذية العالم على أربع صوابع وكام قفا",-1
لولا فساد النخبة أمثالك لما ضاعت الثورة صدعتونا بقبول الآخر وكنتم أكبر نماذج الإقصاء وفرض إرادة نخبوية واعتبارها بديلا عن الصندوق,-1
وصفصف مشروعك للاسف علي شوية كلام فاضيين مع ان المفروض دورك اكبر من كدا بكتير,-1
فلتكن لك أستاذية ... أين أستاذيتك ؟,0
من خيبتهم وغباوتهم,-1
زق الاخوان فى اى بلوة با عم المريض,-1
وكام واحد ولا ليهم لازمة كنا فاكرينهم بني آدمين لكن للأسف طلعوا خواجات,-1
هو فى الاساس كان مشروع كل دولة على حدة مش جميع الدول العربية ودة كان واضح جدا للي عندة بعد نظر مش بيبص تحته .,0
للاسف خيبتنا فى نخبتنا,0
"""وعلى أشباه مثقفين وهم في الحقيقة من حزب ابي جهل""",-1
اذا نطق السفية فلا تجبة لانة سفية وقليل الادب  وانت قليل الادب وغير محترم روح اعمل راجل فى بلدكو,-1
تعليق كتبته على إغلاق قنوات (عصير الكتب) و(الموهوبون في الأرض) و(التلفزيون العربي) على يوتيوب ,0
لك اللة اللهم ثبتك على مبداك ولاتكن من الدين باعوا اخرتهم بدنياهم  اعلم كم تعانى ولكن حبك فى قلوبنا ربما يعينك على ماانت فية,0
برايك؛  لحد امتي هتفضل حاله الجزر الثوري او عدم الحراك في الشارع خاصتا ان حضرتك عارف ان اللي احنا فيه حصل لثورات قبلنا كتير؛  ح,0
"""زي ماتقفلت ببساطة ترجع ببساطة و انت استمر و احنا متابعيك و خليهم يخبطو راسهم بالحيطة ماتستسلم و واصل""",0
أحا هما بجد قفلوها؟,-2
والله كنت شاكك بس قولت ماتوصلش بيهم التفاهة لكده,0
هو فعلا الافكار الصح بتنتصر ولا ده وهم .. مفيش امل,0
"""الأفكار لها اجنحة محدش يقدر يمنعها توصل للناس  يوسف شاهين """,0
طب واخرة النفق المظلم دا ايه هايفضلوا يمنعوا ويوقفوا و يكمموا الافواه لاي حد مش ع هواهم. حسبنا ونعم الوكيل,0
بلد وسخه,-2
حتى الموهوبون في الارض !!! مع انه ما لوش في السياسة ربنا يفرجها على الامة العربية و الاسلامية,0
"""الوثائق السرية لحرب أكتوبر ترى النور أخيرا  مقال اليوم مع خالص التحية لأبطال وشهداء العبور""",0
كلام كل سنه,0
في انتظار ما سيتم نشره من وثائق باذن الله ..دائما متآلق,0
استاذ بلال مش محتاجين وثائق حرب أكتوبر السرية محتاجين رفض لوثائق الخونة العلانية الموجودة الان انا اعتبر ما تكتبه هروب,0
للأسف انتماءك لحركة الإخوان تطغى على انتمائك الوطني .. هل من الصعب أن تخلص لقلمك و قرائك بأن تنزه كتاباتك من الطائفية المقيتة ؟ن,0
طائفية ايه روحي اقرأي كده عن الوقفة التعبوية بعد العبور اللي أعطت الفرصة للثغرة و احتلال الجولان و قلب الحرب,0
اه بالمناسبة ملعون أبو الإخوان في كل زمان,-2
لا تستطيع إلا و أن تظهر -رغم نكهة المدح-للجيش المصري إلا أن تلونه بنقد و سخرية تكشف عن مشاعرك .كنت شديدة الإعجاب بك و لكن,-1
ماتتعبش نفسك انت شخص لا نثق به أهدافك التدميرية ضد البلد واضحة فى كل حرف تكتبة,-1
يا عم بلال احنا محتاجين  نتعلم ونتثقف من جديد,0
نت فين يابلبلتى لسة هناك مش ناوى ترجع ياحبببى انا حضرتك الكورنفليكس,0
#عصير_الكتب | مع الكاتب #بلال_فضل | الحلقة 16.. ماذا لو كان النبي حياً بيننا الآن؟,0
الم يقل الله لتكونوا أمتا وسطا ويكون الرسول شهيدا عليكم اليس الشهيد حيا بل أحياء عند ربهم يرزقون,0
كان جمع جيش عظيم وحارب المنافقين امثالك ونصر اهلك الحق صلي الله عليه وسلم,-1
بلال فضل هجاص كبير ...بيدعى رجما بالغيب أن النبى محمد لو كان معنا الآن لصار اخوانيا  ربعاويا مهاجرا  الى بلاد الغرب!!,-1
"""فين دة؟  علشان مخدتش بالى""",0
لو كان بيننا لما جاء لا الإخوان و لا داعش و لا ال سعود و لا خلافات لا إسلامية,0
كان تبراء منك ومن امثالك,-1
مبلاش تدخل نفسك في الرسول خليك في اي شخصيه تاريخيه اسلاميه احسن عشان متخسرش ناس اكتر من كدهودي رسالة محب,0
ليته كان حيابيننا سنكون جميعا من الصحابه ويدخل الجنه  الله,0
ياريت كانت اتغيرت اخلاقيات كثيره و اولها الحكام,0
النب صل الله عليه وسلم بريء من امثالك ايها المنافق المرتشي ..اتعلم انت تأكل من اين .تاكل من عرق البغيا والممثلاتlalfadl,-1
رابط مشاهدة الحلقة 13 من عصير الكتب وحديث عن هنري ميللر ونعمان عاشور وساراماجو ومكتبات غزة والطيب صالح ورضوان السيد,0
"أغسطس راح ع خير أستاذ بلال ،، فين المقالات",0
حضرتك اتأخرت علينا اوي يا أستاذ فين مقالات حضرتك؟نتمنا خيراً,0
"""برنامج أكثر من رائع ومن الظلم عدم الإعلان والترويح عنه في أوساط المثقفين بشكل جيد شكرًا لك""",0
"""خسارة ان حد موهوب زى بلال فضل مش موجود على الساحة فى مصر دلوقت الأصوات المغردة خارج السرب هى ما يصنع مجد الوطن  بس مين يفهم ....""",0
ما هو لو كام موجود علي الساحه المصريه دلوقت كنت مش هصدقه,0
أستاذنا العزيز بلال فضل يحزنني أن يتم حذف حلقات عصير الكتب الذي أجده مهما جدا في هذهالمرحلة من حياة أمتنا المبجلة بالإحباطات 1/2,0
"،برنامج يدعو للتفكير أكيد يمنعوه لأنهم خوافون وليس فقط خائفين.2/3",0
"""#أزهى_عصور_المسخره  هل ضيعت ""شيما"" محافظ بورسعيد؟""",-1
الله يلعنك و يلعن اللى جابوك يا رمه جايفه,-2
أنت رجل حيوان,-2
,
,
,
,
,
,
,
,
,
,
,
